---
description: åƒç…§è¬›ç¾©p.165 p.193
---

# DDLè³‡æ–™åº«ç‰©ä»¶ç¶­è­·

## æ–°å¢ç‰©ä»¶CREATE  TABLE(p.167)

`CREATE TABLE [IF NOT EXISTS] è¡¨æ ¼åç¨±`\
`(æ¬„ä½åç¨±1 æ¬„ä½å‹åˆ¥1 [DEFAULT 'é è¨­å€¼'][NOT NULL] [PRIMARY KEY],`\
&#x20;`æ¬„ä½åç¨±2 æ¬„ä½å‹åˆ¥2,`\
&#x20;`...`\
&#x20;`æ¬„ä½åç¨±n æ¬„ä½å‹åˆ¥n,`\
`)[ENGINE å„²å­˜å¼•æ“];`

{% tabs %}
{% tab title="First Tab" %}
```sql
CREATE TABLE IF NOT EXISTS dept               -- (p.169)
(    deptno SMALLINT(4) NOT NULL PRIMARY KEY, -- æ¬„ä½å æ¬„ä½å‹åˆ¥ ä¸ç‚ºç©ºå€¼ ä¸»éµ
     dname VARCHAR(14) NOT NULL,
     Loc VAARCHAR(14) DEFAULT 'M',            -- æ¬„ä½å æ¬„ä½å‹åˆ¥ é è¨­å€¼M
)ENGINE InnoDB;                               -- å„²å­˜å¼•æ“InnoDB
```
{% endtab %}

{% tab title="Second Tab" %}
```sql
-- ã€Œ[CNSTRAINT ä¸»éµåç¨±] PRIMARY KEY(æ¬„ä½åç¨±,...)ã€            -- ğŸ”¶ã€CNSTRAINTã€‘
CREATE TABLE item12
(    ordid int not null,          -- æ¬„ä½å æ¬„ä½å‹åˆ¥ ä¸ç‚ºç©ºå€¼
     itemid smallint not null,    -- æ¬„ä½å æ¬„ä½å‹åˆ¥ ä¸ç‚ºç©ºå€¼
     CONSTRAINT pk_item_ordid_itemid PRIMARY KEY(ordid,itemid)-- ğŸ”¸è¤‡åˆä¸»éµ
);
```

```sql
-- ã€ŒAUTO_INCREMENTã€è‡ªå‹•å¢åŠ ex. æµæ°´è™Ÿ            -- ã€ğŸ”¶AUTO_INCREMENTã€‘
CREATE TABLE ord2
(    oredid INT AUTO_INCREMENT PRIMARY KEY,     -- æ¬„ä½å æ¬„ä½å‹åˆ¥ è‡ªå‹•å¢åŠ  PK
     ord_date DATE,                             -- æ¬„ä½å æ¬„ä½å‹åˆ¥
)AUTO_INCREMENT = 101;                          -- ğŸ”¸æµæ°´è™Ÿèµ·å§‹ç¢¼
```

```sql
--ã€ŒUNIQUEã€å”¯ä¸€éµ      -- ğŸ”¶ã€UNIQUEã€‘
CREATE TABLE emp
(...,
 VARCHAR(200) UNIQUE, -- ğŸ”¸
 ...,
);


-- è¤‡åˆå”¯ä¸€éµ
CREATE TABLE item
( order INT NOT NULLk
  items SMALLINT NUT NULL,
  prodid smallint,
  CONSTRAINT uk_item_ordid_prodid UNIQUE(ordid,prodid)-- ğŸ”¸
);
```
{% endtab %}
{% endtabs %}

### å¤–ä¾†éµFK (p.174)

* ON DELETE
* ON UPDATE

{% tabs %}
{% tab title="æ ¼å¼" %}
```
-- æ–°å¢
CREATE TABLE table
(...
    [CONSTRAINT ä¸»éµå]
    FOREIGN KEY(æ¬„ä½å,...) REFERENCE å¤–ä¾†è¡¨æ ¼(å¤–ä¾†è¡¨æ ¼æ¬„)
);
```

```
/* ğŸ”¶RESTRICT é™åˆ¶ï¼Œ
    å­è¡¨æœ‰ï¼Œé™„è¡¨å°±ä¸å‡†æ”¹
    ä¾‹å¦‚ï¼Œdept, deptno.10 -> 50 [X]ä¸è¡Œæ”¹
    å› ç‚ºemp.deptnoæœ‰10
*/
```
{% endtab %}

{% tab title="ç¯„ä¾‹" %}
```sql
/* ğŸ”¶CASCADE ç›¸ä¾æ€§
    çˆ¶è¡¨åˆªå­è¡¨ä¸€èµ·åˆª
    ä¾‹å¦‚ï¼Œdept.deptno 10 -> delete
    emp.deptno 10 å…¨åˆª
*/
CREATE TABLE t2           --ğŸ”¹(p.10-23---p.176)
(fk SMALLINT,
 c2 CHAR(2),
 FOREIGN KEY(fk) REFERENCES t1(pk) ON DELETE CASCADE -- ğŸ”¸ã€ON DELETE CASCADEã€‘
 -- çˆ¶å­ä¸€èµ·åˆª
);

/*---------------------------------------------------------------*/

CREATE TABLE t2           --ğŸ”¹(p.10-25---p.177)
(fk SMALLINT,
 c2 CHAR(2),
 FOREIGN KEY(fk) REFERENCES t1(pk) ON UPDATE CASCADE -- ğŸ”¸ã€ON UPDATE CASCADEã€‘
 -- çˆ¶å­ä¸€èµ·æ”¹
);
```

```sql
/* ğŸ”¶SET NULL è¨­æˆç©ºå€¼
    çˆ¶è¡¨æ”¹ï¼Œå­è¡¨æ¸…æˆç©ºå€¼
    ä¾‹å¦‚ï¼Œdept.deptno 10 -> delete
    emp.deptno 10 -> Null
*/
CREATE TABLE t2           --ğŸ”¹(p.10-24---p.176)
(fk SMALLINT,
 c2 CHAR(2),
 FOREIGN KEY(fk) REFERENCES t1(pk) ON DELETE SET NULL -- ğŸ”¸ã€ON DELETE SET NULLã€‘
-- çˆ¶åˆªï¼Œå­NULL
);

/*---------------------------------------------------------------*/

CREATE TABLE t2           --ğŸ”¹(p.10-26---p.177)
(fk SMALLINT,
 c2 CHAR(2),
 FOREIGN KEY(fk) REFERENCES t1(pk) ON UPDATE SET NULL -- ğŸ”¸ã€ON UPDATE SET NULL ã€‘
 -- çˆ¶æ”¹ï¼Œå­NULL
);
```
{% endtab %}
{% endtabs %}

### ä½¿ç”¨ç¾æœ‰è³‡æ–™å»ºç«‹æ–°çš„è³‡æ–™è¡¨(p.178)

`CREATE TABLE è¡¨æ ¼å[(æ¬„ä½å)]`\
&#x20; `â€‹AS`\
&#x20; `SELECT æ¬„ä½å`\
&#x20; `FROM è¡¨æ ¼å`\
&#x20; `WHERE æ¢ä»¶`

{% tabs %}
{% tab title="ä½¿ç”¨ç¾æœ‰è³‡æ–™å»ºç«‹æ–°çš„è³‡æ–™è¡¨" %}
```sql
-- ç”¨å­æŸ¥è©¢ã€‚ç”¨éƒ¨åˆ†æ¬„ä½å»ºç«‹æ–°è¡¨æ ¼
CREATE TABLE emp10
  â€‹AS
  SELECT     empno,ename,job,sal
  FROM       emp
  WHERE      deptno = 10;

/*mysql> desc emp10;
+-------+--------------+------+-----+---------+-------+
| Field | Type         | Null | Key | Default | Extra |
+-------+--------------+------+-----+---------+-------+
| empno | int          | NOğŸ”¹ |     | NULL    |       |
| ename | varchar(10)  | YES  |     | NULL    |       |
| job   | varchar(9)   | YES  |     | NULL    |       |
| sal   | decimal(7,2) | YES  |     | NULL    |       |
+-------+--------------+------+-----+---------+-------+
4 rows in set (0.00 sec)*/
```
{% endtab %}

{% tab title="ä½¿ç”¨LIKEå­å¥å»ºç«‹è³‡æ–™è¡¨" %}
* ä½¿ç”¨LIKEå­å¥å»ºç«‹æ–°è¡¨æ ¼ã€‚
* æ–°è¡¨æ ¼**æ²’æœ‰ä»»ä½•è³‡æ–™**ï¼Œè¡¨æ ¼æ˜¯ç©ºçš„ã€‚
* æ–°è¡¨æ ¼çš„æ¬„ä½ã€å‹æ…‹ç­‰ï¼ˆè¡¨é ­ï¼‰æœƒè¢«ä¿ç•™ã€‚

```
-- å»ºç«‹                                (p.180)
mysql> create table emp1 like emp;
Query OK, 0 rows affected (0.13 sec)

-- æŸ¥è©¢ğŸ”¸è¡¨é ­
mysql> desc emp1;
+----------+--------------+------+-----+---------+-------+
| Field    | Type         | Null | Key | Default | Extra |
+----------+--------------+------+-----+---------+-------+
| EMPNO    | int          | NO   | PRI | NULL    |       |
| ENAME    | varchar(10)  | YES  |     | NULL    |       |
| JOB      | varchar(9)   | YES  |     | NULL    |       |
| MGR      | int          | YES  | MUL | NULL    |       |
| HIREDATE | datetime     | YES  |     | NULL    |       |
| SAL      | decimal(7,2) | YES  |     | NULL    |       |
| COMM     | decimal(7,2) | YES  |     | NULL    |       |
| DEPTNO   | int          | NO   | MUL | NULL    |       |
+----------+--------------+------+-----+---------+-------+

-- æŸ¥è©¢ğŸ”¸æ²’æœ‰è³‡æ–™
mysql> select * from emp1;
Empty set (0.00 sec)
```
{% endtab %}
{% endtabs %}

## ä¿®æ”¹ç‰©ä»¶ALTER  TABLE(æ¬„ä½)(p.181)

`ALTER TABLE è¡¨æ ¼å`\
`ADD | ALTER | MODIFY | CHANGE | DROP`

{% tabs %}
{% tab title="æ–°å¢æ¬„ä½(p.181)" %}
```sql
ALTER TABLE emp10
    ADD COLUMN mgr SMALLINT;
/*ã€ğŸ”¹beforeã€‘
mysql> desc emp10;
+-------+--------------+------+-----+---------+-------+
| Field | Type         | Null | Key | Default | Extra |
+-------+--------------+------+-----+---------+-------+
| empno | int          | NO   |     | NULL    |       |
| ename | varchar(10)  | YES  |     | NULL    |       |
| job   | varchar(9)   | YES  |     | NULL    |       |
| sal   | decimal(7,2) | YES  |     | NULL    |       |
+-------+--------------+------+-----+---------+-------+
4 rows in set (0.00 sec)*/

/*ã€ğŸ”¹afterã€‘
mysql> desc emp10;
+-------+--------------+------+-----+---------+-------+
| Field | Type         | Null | Key | Default | Extra |
+-------+--------------+------+-----+---------+-------+
| empno | int          | NO   |     | NULL    |       |
| ename | varchar(10)  | YES  |     | NULL    |       |
| job   | varchar(9)   | YES  |     | NULL    |       |
| sal   | decimal(7,2) | YES  |     | NULL    |       |
| mgrğŸ”¹ | smallint     | YES  |     | NULL    |       |
+-------+--------------+------+-----+---------+-------+
5 rows in set (0.02 sec)*/
```
{% endtab %}

{% tab title="æ–°å¢åœ¨ç¬¬ä¸€æ¬„(p.182)" %}
```sql
ALTER TABLE emp10
    ADD COLUMN phone VARCHAR(12) DEFAULT '02-66316710' FIRST; -- ğŸ”¶ã€FIRSTã€‘
/*ã€ğŸ”¹beforeã€‘
mysql> desc emp10;
+------------+--------------+------+-----+---------+-------+
| Field      | Type         | Null | Key | Default | Extra |
+------------+--------------+------+-----+---------+-------+
| empno      | int          | NO   |     | NULL    |       |
| ename      | varchar(10)  | YES  |     | NULL    |       |
| job        | varchar(9)   | YES  |     | NULL    |       |
| hiredate   | date         | YES  |     | NULL    |       |
| sal        | decimal(7,2) | YES  |     | NULL    |       |
| mgr        | smallint     | YES  |     | NULL    |       |
+------------+--------------+------+-----+---------+-------+
6 rows in set (0.00 sec)


ã€ğŸ”¹afterã€‘
mysql> desc emp10;
+----------+--------------+------+-----+-------------+-------+
| Field    | Type         | Null | Key | Default     | Extra |
+----------+--------------+------+-----+-------------+-------+
| phoneğŸ”¹  | varchar(12)  | YES  |     | 02-66316710 |       |
| empno    | int          | NO   |     | NULL        |       |
| ename    | varchar(10)  | YES  |     | NULL        |       |
| job      | varchar(9)   | YES  |     | NULL        |       |
| hiredate | date         | YES  |     | NULL        |       |
| sal      | decimal(7,2) | YES  |     | NULL        |       |
| mgr      | smallint     | YES  |     | NULL        |       |
+----------+--------------+------+-----+-------------+-------+
7 rows in set (0.00 sec)*/
```
{% endtab %}

{% tab title="æ–°å¢æŒ‡å®šæ¬„ä½å¾Œ(p.182)" %}
```sql
ALTER TABLE emp10                       -- 
    ADD COLUMN hiredate DATE AFTER job; -- ğŸ”¶ã€AFTERã€‘
/*ã€ğŸ”¹beforeã€‘
mysql> desc emp10;
+-------+--------------+------+-----+---------+-------+
| Field | Type         | Null | Key | Default | Extra |
+-------+--------------+------+-----+---------+-------+
| empno | int          | NO   |     | NULL    |       |
| ename | varchar(10)  | YES  |     | NULL    |       |
| job   | varchar(9)   | YES  |     | NULL    |       |
| sal   | decimal(7,2) | YES  |     | NULL    |       |
| mgr   | smallint     | YES  |     | NULL    |       |
+-------+--------------+------+-----+---------+-------+
5 rows in set (0.02 sec)*/


/*ã€ğŸ”¹afterã€‘
mysql> desc emp10;
+------------+--------------+------+-----+---------+-------+
| Field      | Type         | Null | Key | Default | Extra |
+------------+--------------+------+-----+---------+-------+
| empno      | int          | NO   |     | NULL    |       |
| ename      | varchar(10)  | YES  |     | NULL    |       |
| job        | varchar(9)   | YES  |     | NULL    |       |
| hiredateğŸ”¹ | date         | YES  |     | NULL    |       |
| sal        | decimal(7,2) | YES  |     | NULL    |       |
| mgr        | smallint     | YES  |     | NULL    |       |
+------------+--------------+------+-----+---------+-------+
6 rows in set (0.00 sec)*/
```
{% endtab %}
{% endtabs %}

{% tabs %}
{% tab title="æ”¹æ¬„ä½é è¨­ALTER" %}
```sql
ALTER TABLE emp10            --(p.184)
ALTER phone DROP DEFAULT;

/*ğŸ”¹ã€beforeã€‘
mysql> desc emp10;
+----------+--------------+------+-----+---------------+-------+
| Field    | Type         | Null | Key | Default       | Extra |
+----------+--------------+------+-----+---------------+-------+
| phone    | varchar(12)  | YES  |     | 02-66316710ğŸ”¹ |       |
| empno    | int          | NO   |     | NULL          |       |
| ename    | varchar(10)  | YES  |     | NULL          |       |
| job      | varchar(9)   | YES  |     | NULL          |       |
| hiredate | date         | YES  |     | NULL          |       |
| sal      | decimal(7,2) | YES  |     | NULL          |       |
| mgr      | smallint     | YES  |     | NULL          |       |
+----------+--------------+------+-----+---------------+-------+
7 rows in set (0.00 sec)

ğŸ”¹ã€afterã€‘
mysql> desc emp10;
+----------+--------------+------+-----+---------+-------+
| Field    | Type         | Null | Key | Default | Extra |
+----------+--------------+------+-----+---------+-------+
| phone    | varchar(12)  | YES  |     | NULLğŸ”¹  |       |
| empno    | int          | NO   |     | NULL    |       |
| ename    | varchar(10)  | YES  |     | NULL    |       |
| job      | varchar(9)   | YES  |     | NULL    |       |
| hiredate | date         | YES  |     | NULL    |       |
| sal      | decimal(7,2) | YES  |     | NULL    |       |
| mgr      | smallint     | YES  |     | NULL    |       |
+----------+--------------+------+-----+---------+-------+
7 rows in set (0.00 sec)
*/
```
{% endtab %}

{% tab title="æ”¹æ¬„ä½å‹æ…‹,é †åºMODIFY" %}
```sql
ALTER TABLE emp10                --(p.184)
MODIFY COLUMN mgr INT AFTER job; // ã€INTã€‘æ”¹å‹æ…‹äº†ï¼›ã€AFTER jobã€‘æ”¹ä½ç½®äº†

/*ğŸ”¹ã€beforeã€‘
mysql> desc emp10;
+----------+--------------+------+-----+---------+-------+
| Field    | Type         | Null | Key | Default | Extra |
+----------+--------------+------+-----+---------+-------+
| phone    | varchar(12)  | YES  |     | NULL    |       |
| empno    | int          | NO   |     | NULL    |       |
| ename    | varchar(10)  | YES  |     | NULL    |       |
| job      | varchar(9)   | YES  |     | NULL    |       |
| hiredate | date         | YES  |     | NULL    |       |
| sal      | decimal(7,2) | YES  |     | NULL    |       |
| ğŸŸ¡mgr    | smallintğŸ”¹   | YES  |     | NULL    |       |
+----------+--------------+------+-----+---------+-------+
7 rows in set (0.00 sec)

ğŸ”¹ã€afterã€‘
mysql> desc emp10;
+----------+--------------+------+-----+---------+-------+
| Field    | Type         | Null | Key | Default | Extra |
+----------+--------------+------+-----+---------+-------+
| phone    | varchar(12)  | YES  |     | NULL    |       |
| empno    | int          | NO   |     | NULL    |       |
| ename    | varchar(10)  | YES  |     | NULL    |       |
| job      | varchar(9)   | YES  |     | NULL    |       |
|ğŸŸ¡ mgr    | intğŸ”¹        | YES  |     | NULL    |       |
| hiredate | date         | YES  |     | NULL    |       |
| sal      | decimal(7,2) | YES  |     | NULL    |       |
+----------+--------------+------+-----+---------+-------+
7 rows in set (0.00 sec)
*/
```
{% endtab %}

{% tab title="æ”¹æ¬„ä½å‹æ…‹MODIFY" %}
```sql
ALTER TABLE emp                            -- (p.185)
MODIFY COLUMN ename VARCHAR(10) NOT NULL;
/*ğŸ”¹ã€beforeã€‘
mysql> desc emp10;
+----------+--------------+------+-----+---------+-------+
| Field    | Type         | Null | Key | Default | Extra |
+----------+--------------+------+-----+---------+-------+
| phone    | varchar(12)  | YES  |     | NULL    |       |
| empno    | int          | NO   |     | NULL    |       |
| ename    | varchar(10)ğŸ”¹| YES  |     | NULLğŸ”¹  |       |
| job      | varchar(9)   | YES  |     | NULL    |       |
| mgr      | int          | YES  |     | NULL    |       |
| hiredate | date         | YES  |     | NULL    |       |
| sal      | decimal(7,2) | YES  |     | NULL    |       |
+----------+--------------+------+-----+---------+-------+
7 rows in set (0.00 sec)

ğŸ”¹ã€afterã€‘ == åŸæœ¬å°±ä¸€æ¨£.........
mysql> desc emp10;
+----------+--------------+------+-----+---------+-------+
| Field    | Type         | Null | Key | Default | Extra |
+----------+--------------+------+-----+---------+-------+
| phone    | varchar(12)  | YES  |     | NULL    |       |
| empno    | int          | NO   |     | NULL    |       |
| ename    | varchar(10)ğŸ”¹| YES  |     | NULLğŸ”¹  |       |
| job      | varchar(9)   | YES  |     | NULL    |       |
| mgr      | int          | YES  |     | NULL    |       |
| hiredate | date         | YES  |     | NULL    |       |
| sal      | decimal(7,2) | YES  |     | NULL    |       |
+----------+--------------+------+-----+---------+-------+
7 rows in set (0.00 sec)
*/
```
{% endtab %}

{% tab title="æ›´æ”¹æ¬„ä½åç¨±ã€å‹æ…‹CHANGE" %}
```sql
ALTER TABLE emp10                        -- (p.186)
CHANGE COLUMN sal salary SMALLINT;
/*ğŸ”¹ã€beforeã€‘
mysql> desc emp10;
+----------+--------------+------+-----+---------+-------+
| Field    | Type         | Null | Key | Default | Extra |
+----------+--------------+------+-----+---------+-------+
| phone    | varchar(12)  | YES  |     | NULL    |       |
| empno    | int          | NO   |     | NULL    |       |
| ename    | varchar(10)  | YES  |     | NULL    |       |
| job      | varchar(9)   | YES  |     | NULL    |       |
| mgr      | int          | YES  |     | NULL    |       |
| hiredate | date         | YES  |     | NULL    |       |
| ğŸŸ¡sal    | decimal(7,2) | YES  |     | NULL    |       |
+----------+--------------+------+-----+---------+-------+
7 rows in set (0.00 sec)

ğŸ”¹ã€afterã€‘
mysql> desc emp10;
+----------+-------------+------+-----+---------+-------+
| Field    | Type        | Null | Key | Default | Extra |
+----------+-------------+------+-----+---------+-------+
| phone    | varchar(12) | YES  |     | NULL    |       |
| empno    | int         | NO   |     | NULL    |       |
| ename    | varchar(10) | YES  |     | NULL    |       |
| job      | varchar(9)  | YES  |     | NULL    |       |
| mgr      | int         | YES  |     | NULL    |       |
| hiredate | date        | YES  |     | NULL    |       |
|ğŸŸ¡salary  | smallint    | YES  |     | NULL    |       |
+----------+-------------+------+-----+---------+-------+
7 rows in set (0.00 sec)
*/
```
{% endtab %}
{% endtabs %}

{% hint style="info" %}
CHANGE èˆ‡ MODIFYç›¸ä¼¼ï¼Œ\
CHANGEå¯ä»¥é‡æ–°å‘½åï¼›MODIFYä¸èƒ½é‡æ–°å‘½åã€‚
{% endhint %}

## åˆªé™¤ç‰©ä»¶DROP  TABLE

| åˆªé™¤æ¬„ä½(è¡¨æ ¼åœ¨ã€è³‡æ–™ä¸åœ¨)                                                    | åˆªé™¤è³‡æ–™è¡¨(è¡¨æ ¼ä¸åœ¨)      |
| ----------------------------------------------------------------- | ---------------- |
| <p><code>ALTER TABLE è¡¨æ ¼å</code><br><code>DROP [COLUMN]</code></p> | `DROP TABLE è¡¨æ ¼å` |

{% tabs %}
{% tab title="åˆªé™¤æ¬„ä½" %}
```sql
ALTER TABLE dpt1            --(p.186)
DROP COLUMN loc;

/*ğŸ”¹ã€beforeã€‘
mysql> desc dept1;
+--------+-------------+------+-----+---------+-------+
| Field  | Type        | Null | Key | Default | Extra |
+--------+-------------+------+-----+---------+-------+
| DEPTNO | int         | NO   |     | NULL    |       |
| DNAME  | varchar(14) | YES  |     | NULL    |       |
| ğŸŸ¡LOC  | varchar(13) | YES  |     | NULL    |       |
+--------+-------------+------+-----+---------+-------+
3 rows in set (0.08 sec)


ğŸ”¹ã€afterã€‘
mysql> desc dept1;
+--------+-------------+------+-----+---------+-------+
| Field  | Type        | Null | Key | Default | Extra |
+--------+-------------+------+-----+---------+-------+
| DEPTNO | int         | NO   |     | NULL    |       |
| DNAME  | varchar(14) | YES  |     | NULL    |       |
+--------+-------------+------+-----+---------+-------+
2 rows in set (0.00 sec)
*/
```
{% endtab %}

{% tab title="åˆªé™¤è³‡æ–™è¡¨" %}
```sql
DROP TABLE emp10a;
```
{% endtab %}
{% endtabs %}

## è¦–è§€è¡¨view

* è™›æ“¬è³‡æ–™è¡¨ï¼Œæœ¬èº«ä¸å„²å­˜ä»»ä½•è³‡æ–™ã€‚
* ç‰¹æ€§ï¼š
  * å¯åŠ å¼·å®‰å…¨æ€§ã€‚æª¢è¦–è¡¨å¯ä»¥è¨­å®šå”¯è®€
  * ç°¡åŒ–æŸ¥è©¢è¤‡é›œåº¦
  * çµæ§‹è®Šæ›´æ™‚ï¼Œå¯ä»¥æ”¹viewè¨­å®šä¸éœ€è¦æ”¹ç¨‹å¼ã€‚
  * ä¸€è³‡æ–™è¡¨å¯å»ºç«‹å¤šè¦–è§€è¡¨

{% tabs %}
{% tab title="å»ºç«‹è¦–è§€è¡¨" %}
èªæ³•ï¼š`CREATE [OR REPLACE] VIEW column`\
`AS <select_statement>`ã€Œor replaceã€æ˜¯é¸å¡«ã€‚

* åŠ ä¸Šã€Œor replaceã€ï¼Œç•¶æœ‰åŒåçš„viewå­˜åœ¨æ™‚ï¼Œè¦†è“‹å®ƒ(alter view)ã€‚
* åŠ ä¸Šã€Œor replaceã€ï¼Œç•¶æ²’æœ‰åŒåçš„viewå­˜åœ¨æ™‚ï¼Œå»ºç«‹ä¸€å€‹(create view)ã€‚

### å»ºç«‹è¦–è§€è¡¨

```sql
mysql> CREATE VIEW empvu10
    -> AS
    ->   SELECT *
    ->   FROM  emp
    ->   WHERE deptno = 10;
Query OK, 0 rows affected (0.17 sec)

mysql> SELECT * FROM empvu10;
/*
+-------+--------+-----------+------+---------------------+---------+------+--------+
| EMPNO | ENAME  | JOB       | MGR  | HIREDATE            | SAL     | COMM | DEPTNO |
+-------+--------+-----------+------+---------------------+---------+------+--------+
|  7782 | CLARK  | MANAGER   | 7839 | 1981-06-09 00:00:00 | 2450.00 | NULL |     10 |
|  7839 | KING   | PRESIDENT | NULL | 1981-11-17 00:00:00 | 5000.00 | NULL |     10 |
|  7934 | MILLER | CLERK     | 7782 | 1982-01-23 00:00:00 | 1300.00 | NULL |     10 |
+-------+--------+-----------+------+---------------------+---------+------+--------+
3 rows in set (0.03 sec)*/
```

### å»ºç«‹è¦–è§€è¡¨ï¼è¨­å®šæ¬„ä½åç¨±

```sql
mysql> CREATE VIEW salvu20 (employee_no, employee, annual_sal)
    -> AS
    -> SELECT empno, ename, sal*12
    -> FROM emp
    -> WHERE deptno = 20;
Query OK, 0 rows affected (0.02 sec)

mysql> SELECT * FROM salvu20;/*
+-------------+----------+------------+
| employee_no | employee | annual_sal |
+-------------+----------+------------+
|        7369 | SMITH    |    9600.00 |
|        7566 | JONES    |   35700.00 |
|        7788 | SCOTT    |   36000.00 |
|        7876 | ADAMS    |   13200.00 |
|        7902 | FORD     |   36000.00 |
+-------------+----------+------------+
5 rows in set (0.00 sec)*/
```

### å»ºç«‹è¦–è§€è¡¨ï¼è¨­å®šæ¬„ä½åç¨±(åˆ¥å)

```sql
mysql> CREATE VIEW salvu30
    -> AS
    -> SELECT empno 'employee_number', ename 'name', sal 'salary'
    -> FROM emp
    -> WHERE deptno = 30;
Query OK, 0 rows affected (0.01 sec)

mysql> SELECT * FROM salvu30;/*
+-----------------+--------+---------+
| employee_number | name   | salary  |
+-----------------+--------+---------+
|            7499 | ALLEN  | 1600.00 |
|            7521 | WARD   | 1250.00 |
|            7654 | MARTIN | 1250.00 |
|            7698 | BLAKE  | 2850.00 |
|            7844 | TURNER | 1500.00 |
|            7900 | JAMES  |  950.00 |
+-----------------+--------+---------+
6 rows in set (0.00 sec)*/
```
{% endtab %}

{% tab title="å»ºç«‹è¤‡é›œè¦–è§€è¡¨" %}
JOIN ON

```sql
mysql> CREATE VIEW dept_sum_vu(name, minsal, maxsal, avgsal)
    -> AS
    -> SELECT d.dname, MIN(e.sal), MAX(e.sal), AVG(e.sal)
    -> FROM emp e JOIN dept d ON(e.deptno = d.deptno)
    -> GROUP BY d.dname;
/*Query OK, 0 rows affected (0.03 sec)*/

mysql> DESC dept_sum_vu;/*
+--------+---------------+------+-----+---------+-------+
| Field  | Type          | Null | Key | Default | Extra |
+--------+---------------+------+-----+---------+-------+
| name   | varchar(14)   | YES  |     | NULL    |       |
| minsal | decimal(7,2)  | YES  |     | NULL    |       |
| maxsal | decimal(7,2)  | YES  |     | NULL    |       |
| avgsal | decimal(11,6) | YES  |     | NULL    |       |
+--------+---------------+------+-----+---------+-------+
4 rows in set (0.01 sec)*/

mysql>     SELECT * FROM dept_sum_vu;/*
+------------+---------+---------+-------------+
| name       | minsal  | maxsal  | avgsal      |
+------------+---------+---------+-------------+
| ACCOUNTING | 1300.00 | 5000.00 | 2916.666667 |
| RESEARCH   |  800.00 | 3000.00 | 2175.000000 |
| SALES      |  950.00 | 2850.00 | 1566.666667 |
+------------+---------+---------+-------------+
3 rows in set (0.00 sec)*/
```
{% endtab %}

{% tab title="æŸ¥è©¢" %}
æŸ¥è©¢åŠŸèƒ½èˆ‡è³‡æ–™è¡¨å®Œå…¨ä¸€æ¨£

```sql
mysql> SELECT COUNT(*),SUM(salary) 'sum_sal_30',AVG(salary) 'avg_sal_30'
    -> FROM salvu30;/*
+----------+------------+-------------+
| COUNT(*) | sum_sal_30 | avg_sal_30  |
+----------+------------+-------------+
|        6 |    9400.00 | 1566.666667 |
+----------+------------+-------------+
1 row in set (0.00 sec)*/

mysql> SELECT name, avgsal
    -> FROM dept_sum_vu
    -> WHERE avgsal>2000;/*
+------------+-------------+
| name       | avgsal      |
+------------+-------------+
| ACCOUNTING | 2916.666667 |
| RESEARCH   | 2175.000000 |
+------------+-------------+
2 rows in set (0.00 sec)*/
```
{% endtab %}

{% tab title="æ›´æ–°" %}
### æŸ¥è©¢viewæ˜¯å¦å¯åŸ·è¡ŒDMLå‘½ä»¤

```sql
mysql> SELECT TABLE_NAME, IS_UPDATABLE
    -> FROM information_schema.views;/*
+-----------------------------------------------+--------------+
| TABLE_NAME                                    | IS_UPDATABLE |
+-----------------------------------------------+--------------+
| film_list                                     | NO           |
| nicer_but_slower_film_list                    | NO           |
| staff_list                                    | YES          |
| sales_by_store                                | NO           |
| sales_by_film_category                        | NO           |
| actor_info                                    | NO           |
| empvu10                                       | YES          |
| salvu20                                       | YES          |
| salvu30                                       | YES          |
| dept_sum_vu                                   | NO           |
+-----------------------------------------------+--------------+
*/
```

### è¦–è§€è¡¨ï¼è³‡æ–™æ›´æ–°

```sql
mysql> UPDATE salvu30
    -> SET salary = 2000
    -> WHERE employee_number=7499;
Query OK, 1 row affected (0.01 sec)
Rows matched: 1  Changed: 1  Warnings: 0

/*ğŸ”¹æŸ¥è©¢è¦–è§€è¡¨å…§å®¹
mysql> SELECT * FROM salvu30;
+-----------------+--------+---------+
| employee_number | name   | salary  |
+-----------------+--------+---------+
|            7499 | ALLEN  | 2000.00 |
|            7521 | WARD   | 1250.00 |
|            7654 | MARTIN | 1250.00 |
|            7698 | BLAKE  | 2850.00 |
|            7844 | TURNER | 1500.00 |
|            7900 | JAMES  |  950.00 |
+-----------------+--------+---------+
6 rows in set (0.00 sec)*/

/*ğŸ”¹æŸ¥è©¢åŸºåº•è³‡æ–™è¡¨
mysql> SELECT empno, ename, job, sal
    ->     FROM emp
    ->     WHERE empno=7499;
+-------+-------+----------+---------+
| empno | ename | job      | sal     |
+-------+-------+----------+---------+
|  7499 | ALLEN | SALESMAN | 2000.00 |
+-------+-------+----------+---------+
1 row in set (0.00 sec)*/
```

### è¦–è§€è¡¨ï¼å¯æ›´æ–°èˆ‡ä¸å¯æ›´æ–°

&#x20;\*åŸºåº•è³‡æ–™è¡¨-éè¨ˆç®—æ¬„ä½ï¼Œviewå¯æ›´æ–°\
&#x20;\*åŸºåº•è³‡æ–™è¡¨-çš„è¨ˆç®—æ¬„ä½ï¼Œviewä¸å¯æ›´æ–°&#x20;

```sql
 -- ğŸŸ¡å¯æ›´æ–°çš„è³‡æ–™
mysql>  UPDATE salvu20
    ->  SET employee='mary'
    ->  WHERE employee_no=7902;
Query OK, 1 row affected (0.01 sec)
Rows matched: 1  Changed: 1  Warnings: 0

/*ğŸ”¹æŸ¥è©¢è¦–è§€è¡¨
mysql> SELECT * FROM salvu20;
+-------------+----------+------------+
| employee_no | employee | annual_sal |
+-------------+----------+------------+
|        7369 | SMITH    |    9600.00 |
|        7566 | JONES    |   35700.00 |
|        7788 | SCOTT    |   36000.00 |
|        7876 | ADAMS    |   13200.00 |
|      ğŸ”¸7902 | mary     |   36000.00 |
+-------------+----------+------------+
5 rows in set (0.01 sec)*/

 -- ğŸŸ¡ä¸å¯æ›´æ–°çš„è³‡æ–™ğŸ‘‡ç•¶åˆ[annual_sal]æ˜¯emp*12å¾—ä¾†çš„è¨ˆç®—æ¬„ä½ï¼Œviewæ˜¯ç„¡æ³•æ›´æ–°çš„ã€‚
mysql>  UPDATE salvu20
    ->  SET annual_sal=48000
    ->  WHERE employee_no=7902;
ERROR 1348 (HY000): Column 'annual_sal' is not updatable
```
{% endtab %}

{% tab title="æ–°å¢" %}
### æ–°å¢è³‡æ–™

```sql
mysql> INSERT INTO empvu10(empno,ename,sal ,deptno)
    -> VALUES(9700,'KEN',3800,10);
Query OK, 1 row affected (0.01 sec)

/*mysql> SELECT * FROM empvu10;
+-------+--------+-----------+------+---------------------+---------+------+--------+
| EMPNO | ENAME  | JOB       | MGR  | HIREDATE            | SAL     | COMM | DEPTNO |
+-------+--------+-----------+------+---------------------+---------+------+--------+
|  7782 | CLARK  | MANAGER   | 7839 | 1981-06-09 00:00:00 | 2450.00 | NULL |     10 |
|  7839 | KING   | PRESIDENT | NULL | 1981-11-17 00:00:00 | 5000.00 | NULL |     10 |
|  7934 | MILLER | CLERK     | 7782 | 1982-01-23 00:00:00 | 1300.00 | NULL |     10 |
|  9700 | KEN    | NULL      | NULL | NULL                | 3800.00 | NULL |     10 |
+-------+--------+-----------+------+---------------------+---------+------+--------+
4 rows in set (0.00 sec)*/
```

### -- è·Ÿè³‡æ–™æ›´æ–°ä¸€æ¨£ï¼Œè¨ˆç®—æ¬„ä½ä¸€æ¨£ä¸èƒ½æ–°å¢P.11-17

```sql
/*mysql> DESC emp;
+----------+--------------+------+-----+---------+-------+
| Field    | Type         | Null | Key | Default | Extra |
+----------+--------------+------+-----+---------+-------+
| EMPNO    | int          | NO   | PRI | NULL    |       |
| ENAME    | varchar(10)  | YES  |     | NULL    |       |
| JOB      | varchar(9)   | YES  |     | NULL    |       |
| MGR      | int          | YES  | MUL | NULL    |       |
| HIREDATE | datetime     | YES  |     | NULL    |       |
| SAL      | decimal(7,2) | YES  |     | NULL    |       |
| COMM     | decimal(7,2) | YES  |     | NULL    |       |
| DEPTNO   | int          | NO   | MUL | NULL    |       |
+----------+--------------+------+-----+---------+-------+
8 rows in set (0.02 sec)*/

mysql> INSERT INTO salvu20
    -> VALUES(9800,'JACKSON',24000);
/*ERROR 1348 (HY000): Column 'annual_sal' is not updatable*/
```
{% endtab %}

{% tab title="åˆªé™¤" %}
### åˆªé™¤è³‡æ–™

```sql
mysql> DELETE FROM empvu10
    -> WHERE empno=9700;
--Query OK, 1 row affected (0.01 sec)

mysql> DELETE FROM salvu30
    -> WHERE name='james';
--Query OK, 1 row affected (0.01 sec)
```

### ç„¡æ³•åˆªé™¤ï¼é•ååŸºåº•è³‡æ–™è¡¨çš„è³‡æ–™æª¢æŸ¥æ¢ä»¶

```sql
/*mysql>  SELECT * FROM salvu20;
+-------------+----------+------------+
| employee_no | employee | annual_sal |
+-------------+----------+------------+
|        7369 | SMITH    |    9600.00 |
|        7566 | JONES    |   35700.00 |
|        7788 | SCOTT    |   36000.00 |
|        7876 | ADAMS    |   13200.00 |
|        7902 | mary     |   36000.00 |
+-------------+----------+------------+
5 rows in set (0.00 sec)*/

mysql>  DELETE FROM salvu20
    ->  WHERE employee_no='7902';
/*ERROR 1451 (23000): Cannot delete or update a parent row: 
a foreign key constraint fails (`demo`.`emp`, CONSTRAINT `EMP_MGR_FK` FOREIGN KEY (`MGR`) REFERENCES `emp` (`EMPNO`))*/
```

### &#x20;è¤‡é›œè¦–è§€è¡¨ï¼ç„¡æ³•åšDML p.11-19

```sql
/*mysql> SELECT * FROM dept_sum_vu;
+------------+---------+---------+-------------+
| name       | minsal  | maxsal  | avgsal      |
+------------+---------+---------+-------------+
| ACCOUNTING | 1300.00 | 5000.00 | 2916.666667 |
| RESEARCH   |  800.00 | 3000.00 | 2175.000000 |
| SALES      | 1250.00 | 2850.00 | 1770.000000 |
+------------+---------+---------+-------------+
3 rows in set (0.00 sec)*/

mysql> INSERT INTO dept_sum_vu
    -> VALUES('education',1200,3000,2800);
--ERROR 1471 (HY000): The target table dept_sum_vu of the INSERT is not insertable-into

mysql> UPDATE dept_sum_vu
    -> SET maxsal=4800
    -> WHERE name='sales';
--ERROR 1288 (HY000): The target table dept_sum_vu of the UPDATE is not updatable

mysql> DELETE FROM dept_sum_vu
    -> WHERE name='research';
--ERROR 1288 (HY000): The target table dept_sum_vu of the DELETE is not updatable
```
{% endtab %}

{% tab title="ä¿®æ”¹" %}
### ä¿®æ”¹è¦–è§€è¡¨å…§å®¹

\-- å¢åŠ ã€ŒWHITH CHECK OPTIONã€é¸é …ï¼Œé•åVIEWçš„æ¢ä»¶å°±ä¸èƒ½ä¿®æ”¹ã€‚

```sql
mysql> ALTER VIEW salvu30
    -> AS
    -> SELECT empno 'employee_number',ename 'name',sal 'salary',deptno
    -> FROM emp
    -> WHERE deptno = 30
    -> WITH CHECK OPTION;-- ğŸŸ¡
--Query OK, 0 rows affected (0.03 sec)

/*mysql> SELECT * FROM salvu30;
+-----------------+--------+---------+--------+
| employee_number | name   | salary  | deptno |
+-----------------+--------+---------+--------+
|            7499 | ALLEN  | 2000.00 |     30 |
|            7521 | WARD   | 1250.00 |     30 |
|            7654 | MARTIN | 1250.00 |     30 |
|            7698 | BLAKE  | 2850.00 |     30 |
|            7844 | TURNER | 1500.00 |     30 |
+-----------------+--------+---------+--------+
5 rows in set (0.02 sec)*/
```

### with check optioné¸é …ï¼ï¼å¯åŸ·è¡Œ

```sql
/*mysql> SELECT * FROM salvu30;
+-----------------+--------+---------+--------+
| employee_number | name   | salary  | deptno |
+-----------------+--------+---------+--------+
|            7499 | ALLEN  | 2000.00 |     30 |
|            7521 | WARD   | 1250.00 |     30 |
|            7654 | MARTIN | 1250.00 |     30 |
|            7698 | BLAKE  | 2850.00 |     30 |
|            7844 | TURNER | 1500.00 |     30 |
+-----------------+--------+---------+--------+
5 rows in set (0.02 sec)*/

mysql> UPDATE salvu30
    -> SET salary = 2000
    -> WHERE employee_number=7499;
--Query OK, 0 rows affected (0.01 sec)
--Rows matched: 1  Changed: 0  Warnings: 0

mysql> DELETE FROM salvu30 WHERE employee_number=7521;
--Query OK, 1 row affected (0.01 sec)
```

### with check optioné¸é …ï¼ï¼ä¸å¯åŸ·è¡Œ

```sql
/*mysql> SELECT * FROM salvu30;
+-----------------+--------+---------+--------+
| employee_number | name   | salary  | deptno |ğŸ”¸éƒ¨é–€ç·¨è™Ÿviewæ˜¯æŠ“30
+-----------------+--------+---------+--------+
|            7499 | ALLEN  | 2000.00 |     30 |
|            7521 | WARD   | 1250.00 |     30 |
|            7654 | MARTIN | 1250.00 |     30 |
|            7698 | BLAKE  | 2850.00 |     30 |
|            7844 | TURNER | 1500.00 |     30 |
+-----------------+--------+---------+--------+
5 rows in set (0.02 sec)*/

-- ä¸å¯é•åwhereå­å¥çš„æ¢ä»¶
mysql> UPDATE salvu30
    -> SET deptno = 10                        --ğŸ”¸éƒ¨é–€ç·¨è™Ÿviewæ²’æœ‰10
    -> WHERE employee_number=7499;
--ERROR 1369 (HY000): CHECK OPTION failed 'demo.salvu30'
```
{% endtab %}

{% tab title="åˆªé™¤è¦–è§€è¡¨" %}
\-- å¾è³‡æ–™åº«ä¸­åˆªé™¤è¦–è§€è¡¨ï¼Œä¸æœƒåˆªé™¤ä»»ä½•(åŸºåº•)è³‡æ–™

```sql
mysql> DROP VIEW dept_sum_vu;
--Query OK, 0 rows affected (0.04 sec)
```
{% endtab %}

{% tab title="å…§åµŒè¦–è§€è¡¨" %}
.

```sql
mysql> SELECT a.ename, a.sal, a.deptno, b.avgsal
    -> FROM   emp a JOIN(SELECT deptno, AVG(sal) avgsal
    ->                   FROM emp
    ->                   GROUP BY deptno) b
    ->               ON (a.deptno = b.deptno)
    -> WHERE  a.sal < b.avgsal;/*
+--------+---------+--------+-------------+
| ename  | sal     | deptno | avgsal      |
+--------+---------+--------+-------------+
| SMITH  |  800.00 |     20 | 2175.000000 |
| MARTIN | 1250.00 |     30 | 1900.000000 |
| CLARK  | 2450.00 |     10 | 2916.666667 |
| TURNER | 1500.00 |     30 | 1900.000000 |
| ADAMS  | 1100.00 |     20 | 2175.000000 |
| MILLER | 1300.00 |     10 | 2916.666667 |
+--------+---------+--------+-------------+
6 rows in set (0.00 sec)*/
```
{% endtab %}
{% endtabs %}



## ç´¢å¼•index

p.205

## ä½œæ¥­ç·´ç¿’ï¼DDL(p.191)

1.  ç”¨ä¸‹åˆ—è³‡æ–™æ–°å»ºDEPARTMENTè³‡æ–™è¡¨\
    `column name	null?		data type`

    `id		NOT NULL	NUMERIC(7)`

    `name		NOT NULL	VARCHAR(24)`
2. åˆ©ç”¨DEPTè³‡æ–™è¡¨ï¼Œå°‡è³‡æ–™æ–°å¢è‡³DEPARTMENTè³‡æ–™è¡¨ä¸­(åªæ–°å¢ç›¸å°çš„è³‡æ–™æ¬„)
3.  åˆ©ç”¨ä¸‹åˆ—è³‡æ–™æ–°å»ºEMPLOYEEè³‡æ–™è¡¨\
    `column name	Null?		data Type`

    `id		NOT NULL	NUM*ERIC(7)`

    `last_nam*e	NOT NULL	VARCHAR(24)`

    `first_name		 	VARCHAR(24)`

    `dept_id	 			NUMERIC(7)`
4. å°‡EMPLOYEEè³‡æ–™è¡¨ä¸­last\_nameæ¬„ä½è³‡æ–™å‹æ…‹æ›´æ”¹ç‚ºvarchar(40)
5. ä½¿ç”¨EMPè³‡æ–™è¡¨çµæ§‹ä¸­EMPNO,ENAME, DEPTNOå®šç¾©ä¾†æ–°å»ºEMPLOYEE2è³‡æ–™è¡¨\
   ä¸¦å°‡æ¬„ä½åç¨±è¨­å®šç‚ºid, last\_name,dept\_id
6. åˆªé™¤æ•´å€‹EMPLOYEEè³‡æ–™è¡¨
7. å°‡EMPLOYEE2è³‡æ–™è¡¨æ”¹åç‚ºEMPLOYEE
8. å°‡EMPLOYEEè³‡æ–™è¡¨ä¸­çš„LAST\_NAMEæ¬„ä½åˆªé™¤
9. ä¿®æ”¹EMPLOYEEè³‡æ–™è¡¨ï¼Œæ–°å¢ä¸€å€‹æ¬„ä½SALARYè³‡æ–™å‹æ…‹ç‚ºNUMERIC , precision 7
10. ä¿®æ”¹EMPLOYEEè³‡æ–™è¡¨ï¼Œä½¿ç”¨IDæ¬„ä½æ–°å¢ä¸€å€‹primary keyé™åˆ¶æ¢ä»¶ï¼Œä¸¦ç‚ºä»–å‘½å
11. åœ¨EMPLOYEEè³‡æ–™è¡¨æ–°å¢ä¸€å€‹å¤–éƒ¨éµ(foreign key)ä»¥ç¢ºä¿å“¡å·¥ä¸æœƒè¢«åˆ†æ´¾åˆ°ä¸€å€‹ä¸å­˜åœ¨çš„éƒ¨é–€ã€‚

{% tabs %}
{% tab title="1" %}
```
/*ç”¨ä¸‹åˆ—è³‡æ–™æ–°å»ºDEPARTMENTè³‡æ–™è¡¨
column name	null?		data type
id		NOT NULL	NUMERIC(7)
name		NOT NULL	VARCHAR(24)*/

CREATE TABLE department 
	(id NUMERIC(7) NOT NULL, 
	 name VARCHAR(24) NOT NULL); 
```
{% endtab %}

{% tab title="2" %}
```
-- åˆ©ç”¨DEPTè³‡æ–™è¡¨ï¼Œå°‡è³‡æ–™æ–°å¢è‡³DEPARTMENTè³‡æ–™è¡¨ä¸­(åªæ–°å¢ç›¸å°çš„è³‡æ–™æ¬„)
INSERT INTO department(id, name) 
	SELECT deptno, dname FROM dept;
```
{% endtab %}

{% tab title="3" %}
```
/*åˆ©ç”¨ä¸‹åˆ—è³‡æ–™æ–°å»ºEMPLOYEEè³‡æ–™è¡¨
column name	Null?		data Type
id		NOT NULL	NUMERIC(7)
last_name	NOT NULL	VARCHAR(24)
first_name		 	VARCHAR(24)
dept_id	 			NUMERIC(7)*/

CREATE TABLE employee 
	(id NUMERIC(7) NOT NULL, 
     last_name VARCHAR(24) NOT NULL, 
     frist_name VARCHAR(24), 
     deptno NUMERIC(7)); 
```
{% endtab %}

{% tab title="4" %}
```
-- å°‡EMPLOYEEè³‡æ–™è¡¨ä¸­last_nameæ¬„ä½è³‡æ–™å‹æ…‹æ›´æ”¹ç‚ºvarchar(40)
ALTER TABLE employee 
	CHANGE COLUMN last_name last_name VARCHAR(40);

```
{% endtab %}

{% tab title="5" %}
```
/*ä½¿ç”¨EMPè³‡æ–™è¡¨çµæ§‹ä¸­EMPNO,ENAME, DEPTNOå®šç¾©ä¾†æ–°å»ºEMPLOYEE2è³‡æ–™è¡¨
ä¸¦å°‡æ¬„ä½åç¨±è¨­å®šç‚ºid, last_name,dept_id*/


CREATE TABLE employee2 
	SELECT empno AS id, 
		   ename AS last_name, 
           deptno AS dept_id 
	FROM emp;
```
{% endtab %}

{% tab title="6" %}
```
-- åˆªé™¤æ•´å€‹EMPLOYEEè³‡æ–™è¡¨
DROP TABLE employee;
```
{% endtab %}

{% tab title="7" %}
```
-- å°‡EMPLOYEE2è³‡æ–™è¡¨æ”¹åç‚ºEMPLOYEE
ALTER TABLE employee2 
	RENAME AS employee;

```
{% endtab %}

{% tab title="8" %}
```
-- å°‡EMPLOYEEè³‡æ–™è¡¨ä¸­çš„LAST_NAMEæ¬„ä½åˆªé™¤
ALTER TABLE employee 
	DROP last_name;
```
{% endtab %}

{% tab title="9" %}
```
-- ä¿®æ”¹EMPLOYEEè³‡æ–™è¡¨ï¼Œæ–°å¢ä¸€å€‹æ¬„ä½SALARYè³‡æ–™å‹æ…‹ç‚ºNUMERIC , precision 7
ALTER TABLE employee 
	ADD salary NUMERIC(7);
```
{% endtab %}

{% tab title="10" %}
```
-- ä¿®æ”¹EMPLOYEEè³‡æ–™è¡¨ï¼Œä½¿ç”¨IDæ¬„ä½æ–°å¢ä¸€å€‹primary keyé™åˆ¶æ¢ä»¶ï¼Œä¸¦ç‚ºä»–å‘½å
ALTER TABLE employee 
	ADD CONSTRAINT pk_employee_id PRIMARY KEY(id);
```
{% endtab %}

{% tab title="11" %}
```
-- åœ¨EMPLOYEEè³‡æ–™è¡¨æ–°å¢ä¸€å€‹å¤–éƒ¨éµ(foreign key)ä»¥ç¢ºä¿å“¡å·¥ä¸æœƒè¢«åˆ†æ´¾åˆ°ä¸€å€‹ä¸å­˜åœ¨çš„éƒ¨é–€ã€‚

ALTER TABLE employee 
ADD CONSTRAINT fk_employee_deptid FOREIGN KEY(dept_id) REFERENCES dept(deptno);
```
{% endtab %}
{% endtabs %}

## ä½œæ¥­ç·´ç¿’ï¼DDL-view(p.208)

1. ä½¿ç”¨EMPè³‡æ–™è¡¨ä¸­å“¡ç·¨ã€å§“åã€éƒ¨é–€ç·¨è™Ÿ å»ºç«‹ä¸€å€‹EMP\_VU viewï¼Œä¸¦å°‡å§“åæ¬„æ”¹ä»¥EMPLOYEE
2. é¡¯ç¤ºEMP\_VU viewä¸­çš„è³‡æ–™å…§å®¹
3. ä½¿ç”¨EMP\_VU viewä¾†é¡¯ç¤ºæ‰€æœ‰å“¡å·¥å§“ååŠéƒ¨é–€ç·¨è™Ÿã€‚
4. æ–°å»ºä¸€å€‹åç‚ºDEPT20çš„viewï¼ŒåŒ…å«éƒ¨é–€20çš„æ‰€æœ‰å“¡å·¥ç·¨è™Ÿã€å§“åã€éƒ¨é–€ç·¨è™Ÿã€‚å°‡viewè³‡æ–™é …ç›®å‘½åç‚ºemployee\_id, employee, department\_idï¼Œä¸¦è¨­å®šä¸å…è¨±ä½¿ç”¨è€…é€éDEPT20ä¾†æ›´æ”¹å“¡å·¥æ‰€å±¬éƒ¨é–€ç·¨è™Ÿã€‚
5. é¡¯ç¤ºDEPT20 viewæ¬„ä½å®šç¾©è³‡æ–™(çµæ§‹)åŠå…¶æ‰€æœ‰è³‡æ–™å…§å®¹ã€‚
6. è©¦è©¦çœ‹åˆ©ç”¨DEPT20 viewå°‡Smithè½‰èª¿åˆ°éƒ¨é–€30
7. æ–°å»ºä¸€å€‹åç‚ºSALARY\_VUçš„viewï¼ŒåŒ…å«æ‰€æœ‰å“¡å·¥å§“åã€éƒ¨é–€åç¨±ã€è–ªè³‡ã€è–ªè³‡ç­‰ç´šã€‚\
   å°‡viewä¸­çš„è³‡æ–™é …ç›®åˆ†åˆ¥å‘½åç‚ºemployee,department,salary,grade\


{% tabs %}
{% tab title="1" %}
```
-- ä½¿ç”¨EMPè³‡æ–™è¡¨ä¸­å“¡ç·¨ã€å§“åã€éƒ¨é–€ç·¨è™Ÿ å»ºç«‹ä¸€å€‹EMP_VU viewï¼Œä¸¦å°‡å§“åæ¬„æ”¹ä»¥EMPLOYEE

```
{% endtab %}

{% tab title="2" %}
```
-- é¡¯ç¤ºEMP_VU viewä¸­çš„è³‡æ–™å…§å®¹

```
{% endtab %}

{% tab title="3" %}
```
-- ä½¿ç”¨EMP_VU viewä¾†é¡¯ç¤ºæ‰€æœ‰å“¡å·¥å§“ååŠéƒ¨é–€ç·¨è™Ÿã€‚

```
{% endtab %}

{% tab title="4" %}
```
/*æ–°å»ºä¸€å€‹åç‚ºDEPT20çš„viewï¼ŒåŒ…å«éƒ¨é–€20çš„æ‰€æœ‰å“¡å·¥ç·¨è™Ÿã€å§“åã€éƒ¨é–€ç·¨è™Ÿã€‚
å°‡viewè³‡æ–™é …ç›®å‘½åç‚ºemployee_id, employee, department_idï¼Œ
ä¸¦è¨­å®šä¸å…è¨±ä½¿ç”¨è€…é€éDEPT20ä¾†æ›´æ”¹å“¡å·¥æ‰€å±¬éƒ¨é–€ç·¨è™Ÿã€‚*/

```
{% endtab %}

{% tab title="5" %}
```
-- é¡¯ç¤ºDEPT20 viewæ¬„ä½å®šç¾©è³‡æ–™(çµæ§‹)åŠå…¶æ‰€æœ‰è³‡æ–™å…§å®¹ã€‚

```
{% endtab %}

{% tab title="6" %}
```
-- è©¦è©¦çœ‹åˆ©ç”¨DEPT20 viewå°‡Smithè½‰èª¿åˆ°éƒ¨é–€30

```
{% endtab %}

{% tab title="7" %}
```
/*æ–°å»ºä¸€å€‹åç‚ºSALARY_VUçš„viewï¼ŒåŒ…å«æ‰€æœ‰å“¡å·¥å§“åã€éƒ¨é–€åç¨±ã€è–ªè³‡ã€è–ªè³‡ç­‰ç´šã€‚
å°‡viewä¸­çš„è³‡æ–™é …ç›®åˆ†åˆ¥å‘½åç‚ºemployee,department,salary,grade*/

```
{% endtab %}
{% endtabs %}
