---
description: åƒç…§è¬›ç¾©p.99~p.118
---

# GROUP BYã€HAVING

## ç¾¤çµ„å½™ç¸½å‡½æ•¸(p.100)

| å‡½æ•¸                       | åŠŸèƒ½           |
| ------------------------ | ------------ |
| COUNT(\*)                | è³‡æ–™çš„ç­†æ•¸        |
| COUNT(_column_)          | æ¬„ä½ä¸ç‚ºç©ºå€¼çš„ç­†æ•¸    |
| COUNT(DISTINCT _column_) | å»é™¤é‡è¤‡åˆ—ä¸ç‚ºç©ºå€¼çš„ç­†æ•¸ |
| MAX(_column_)            | æ¬„ä½ä¸­æœ€å¤§çš„å€¼      |
| MIN(_column_)            | æ¬„ä½ä¸­æœ€å°çš„å€¼      |
| SUM(_column_)            | â€‹æ¬„ä½çš„åŠ ç¸½       |
| AVG(_column_)            | æ¬„ä½çš„å¹³å‡å€¼       |

ä¸‹é¢ç¯„ä¾‹

{% tabs %}
{% tab title="COUNT1" %}
`-- COUNTå°ç…§`\
`SELECT *`\
`FROM emp`\
`WHERE deptno = 10;`\
&#x9;`-- ğŸ”¶COUNT(*)`\
&#x9;`SELECT COUNT(*)`\
&#x9;`FROM emp`\
&#x9;`WHERE deptno = 10;`

```
-- (p.101)
+----------+
| COUNT(*) |
+----------+
|        3 |
+----------+
1 row in set (0.00 sec)
```

```
-- å°ç…§è¡¨
mysql> SELECT *
    -> FROM   emp
    -> WHERE  deptno=10;
+-------+--------+-----------+------+---------------------+---------+------+--------+
| EMPNO | ENAME  | JOB       | MGR  | HIREDATE            | SAL     | COMM | DEPTNO |
+-------+--------+-----------+------+---------------------+---------+------+--------+
|  7782 | CLARK  | MANAGER   | 7839 | 1981-06-09 00:00:00 | 2450.00 | NULL |     10 |
|  7839 | KING   | PRESIDENT | NULL | 1981-11-17 00:00:00 | 5000.00 | NULL |     10 |
|  7934 | MILLER | CLERK     | 7782 | 1982-01-23 00:00:00 | 1300.00 | NULL |     10 |
+-------+--------+-----------+------+---------------------+---------+------+--------+
3 rows in set (0.00 sec)
```
{% endtab %}

{% tab title="COUNT2" %}
(p.101) å‚³å›è³‡æ–™è¡¨ä¸­çš„è³‡æ–™åˆ—æ•¸

```
mysql> SELECT comm
    -> FROM emp
    -> WHERE deptno = 30;
+---------+
| comm    |
+---------+
|  300.00 |
|  500.00 |
| 1400.00 |
|    NULL |
|    0.00 |
|    NULL |
+---------+

-- ğŸ”¶COUNT(column | expr)
mysql> SELECT COUNT(comm)
    -> FROM emp
    -> WHERE deptno = 30;
+-------------+
| COUNT(comm) |
+-------------+
|           4 |
+-------------+
1 row in set (0.00 sec)
```
{% endtab %}

{% tab title="DISTINCT" %}
`SELECT DISTINCT comm`\
`FROM emp`\
`WHERE deptno = 30;`\
&#x9;`-- ğŸ”¶COUNT(DISTINCT column | expr)`\
&#x9;`SELECT DISTINCT COUNT(comm)`\
&#x9;`FROM emp`\
&#x9;`WHERE deptno = 30;`

```
-- (p.102) å‚³å›æ¬„ä½æˆ–é‹ç®—å¼ä¸­å»é™¤é‡è¤‡è³‡æ–™çš„è³‡æ–™åˆ—æ•¸ï¼Œä½†ä¸åŒ…å«ç©ºå€¼ã€‚(p.102)
mysql> SELECT DISTINCT comm
    -> FROM emp
    -> WHERE deptno = 30;
+---------+
| comm    |
+---------+
|  300.00 |
|  500.00 |
| 1400.00 |
|    NULL |
|    0.00 |
+---------+
5 rows in set (0.00 sec)


-- ğŸ”¶COUNT(DISTINCT column | expr)
mysql> SELECT DISTINCT COUNT(comm)
    -> FROM emp
    -> WHERE deptno = 30;
+-------------+
| COUNT(comm) |
+-------------+
|           4 |
+-------------+
1 row in set (0.00 sec)
```
{% endtab %}

{% tab title="MAX" %}
```
-- MAX(column) | expr)å°ç…§(p.102)
mysql> SELECT sal
    -> FROM emp
    -> WHERE deptno = 30;
+---------+
| sal     |
+---------+
| 1600.00 |
| 1250.00 |
| 1250.00 |
| 2850.00 |
| 1500.00 |
|  950.00 |
+---------+
6 rows in set (0.00 sec)


	-- ğŸ”¶MAX(column) | expr)æœ€å¤§å€¼
	mysql>     SELECT MAX(sal)
    ->     FROM emp
    ->     WHERE deptno = 30;
+----------+
| MAX(sal) |
+----------+
|  2850.00 |
+----------+
1 row in set (0.00 sec)

```
{% endtab %}

{% tab title="MIN" %}
```
-- MIN(column) | expr)å°ç…§(p.103)
mysql> SELECT sal
    -> FROM emp
    -> WHERE deptno = 30;
+---------+
| sal     |
+---------+
| 1600.00 |
| 1250.00 |
| 1250.00 |
| 2850.00 |
| 1500.00 |
|  950.00 |
+---------+
6 rows in set (0.00 sec)


-- ğŸ”¶MIN(column) | expr)æœ€å°å€¼
mysql> SELECT MIN(sal)
    ->     FROM emp
    ->     WHERE deptno = 30;
+----------+
| MIN(sal) |
+----------+
|   950.00 |
+----------+
1 row in set (0.00 sec)
```
{% endtab %}

{% tab title="SUM" %}
```
-- SUM(column) | expr)å°ç…§(p.103)
mysql> SELECT sal
    -> FROM emp
    -> WHERE deptno = 30;
+---------+
| sal     |
+---------+
| 1600.00 |
| 1250.00 |
| 1250.00 |
| 2850.00 |
| 1500.00 |
|  950.00 |
+---------+
6 rows in set (0.00 sec)


-- ğŸ”¶SUM(column) | expr)åŠ ç¸½
mysql> SELECT SUM(sal)
    ->     FROM emp
    ->     WHERE deptno = 30;
+----------+
| SUM(sal) |
+----------+
|  9400.00 |
+----------+
1 row in set (0.00 sec)
```
{% endtab %}

{% tab title="AVG" %}
```
-- AVG(column) | expr)å°ç…§(p.104)
+---------+
| comm    |
+---------+
|  300.00 |
|  500.00 |
| 1400.00 |
|    NULL |
|    0.00 |
|    NULL |
+---------+


-- ğŸ”¶AVG(column) | expr) / COUNT(column)å¹³å‡å€¼(ä¸å«nulläººé ­)
-- (1400+3000+0+500)Ã·4

mysql> SELECT AVG(comm)
    -> FROM emp
    -> WHERE deptno = 30;
+------------+
| AVG(comm)  |
+------------+
| 550.000000 |
+------------+


-- ğŸ”¶AVG(IFNULL(column) | expr,0))å¹³å‡å€¼(å«nulläººé ­)
-- (1400+3000+0+500)Ã·6
-- å¦ä¸€å€‹ç®—æ³•ï¼šSUM(column) / COUNT(*)

mysql> SELECT AVG(IFNULL(comm,0)) AVG
    -> FROM emp
    -> WHERE deptno = 30;
+------------+
| AVG        |
+------------+
| 366.666667 |
+------------+
```
{% endtab %}

{% tab title="ç¶œåˆ" %}
\-- ç¾¤çµ„å‡½æ•¸(p.105)

```
mysql> SELECT SUM(sal),MIN(sal),MAX(sal),AVG(sal),COUNT(*)
    -> FROM emp
    -> WHERE deptno = 30;
+----------+----------+----------+-------------+----------+
| SUM(sal) | MIN(sal) | MAX(sal) | AVG(sal)    | COUNT(*) |
+----------+----------+----------+-------------+----------+
|  9400.00 |   950.00 |  2850.00 | 1566.666667 |        6 |
+----------+----------+----------+-------------+----------+
1 row in set (0.00 sec)
```
{% endtab %}
{% endtabs %}

## è³‡æ–™åˆ†çµ„GROUP BY(p.106)

**`GROUP BY`** _æ¬„ä½å_

ä¸‹é¢ç¯„ä¾‹

{% tabs %}
{% tab title="åˆ†çµ„" %}
```
-- GROUP BYè³‡æ–™åˆ†çµ„(p.107)
mysql> SELECT    deptno, SUM(sal)
    -> FROM      emp
    -> GROUP BY  deptno;
+--------+----------+
| deptno | SUM(sal) |
+--------+----------+
|     10 |  8750.00 |
|     20 | 10875.00 |
|     30 |  9400.00 |
+--------+----------+
```

```
-- NULLè‡ªå·±ä¸€çµ„(p.108)
mysql> SELECT   comm, COUNT(*)
    -> FROM     emp
    -> GROUP BY comm;
+---------+----------+
| comm    | COUNT(*) |
+---------+----------+
|    NULL |       10 |
|  300.00 |        1 |
|  500.00 |        1 |
| 1400.00 |        1 |
|    0.00 |        1 |
+---------+----------+
```

```
-- ä½¿ç”¨ORDER BY (p.108)
mysql> SELECT   deptno,SUM(sal)
    -> FROM     emp
    -> GROUP BY deptno
    -> ORDER BY 2;
+--------+----------+
| deptno | SUM(sal) |
+--------+----------+
|     10 |  8750.00 |
|     30 |  9400.00 |
|     20 | 10875.00 |
+--------+----------+
```
{% endtab %}

{% tab title="å¤šæ¬„åˆ†çµ„" %}
\-- å¤šæ¬„åˆ†çµ„(å¤šæ¢ä»¶ä¸­éƒ½ç›¸ç¬¦æ‰æ­¸ç‚ºä¸€çµ„)(p.109)

```
mysql> SELECT   deptno,job,COUNT(*)
    -> FROM     emp
    -> GROUP BY deptno, job
    -- ğŸ”¹deptnoå’Œjobå…©å€‹éƒ½ç¬¦åˆæ‰ç®—ä¸€çµ„
+--------+-----------+----------+
| deptno | job       | COUNT(*) |
+--------+-----------+----------+
|     10 | CLERK     |        1 |
|     10 | MANAGER   |        1 |
|     10 | PRESIDENT |        1 |
 -------- ----------- ---------- 
|     20 | ANALYST   |        2 |
|     20 | CLERK     |        2 |
|     20 | MANAGER   |        1 |
 -------- ----------- ---------- 
|     30 | CLERK     |        1 |
|     30 | MANAGER   |        1 |
|     30 | SALESMAN  |        4 |
+--------+-----------+----------+
```
{% endtab %}
{% endtabs %}

## ç¯©é¸åˆ†çµ„è³‡æ–™ HAVING(p.110)

ä¸‹é¢ç¯„ä¾‹

{% tabs %}
{% tab title="åˆ†çµ„ç¯©é¸" %}
```
-- (p.109)
mysql> SELECT deptno, MAX(sal) SalMax
    -> FROM emp
    -> GROUP BY deptno
    -> HAVING MAX(sal) > 2900;
+--------+---------+
| deptno | SalMax  |
+--------+---------+
|     10 | 5000.00 |
|     20 | 3000.00 |
+--------+---------+

mysql> SELECT   deptno, sal
    -> FROM     emp;
+--------+---------+
| deptno | sal     |
+--------+---------+
|     10 | 5000.00 |ğŸ”¹
|     10 | 2450.00 |
|     10 | 1300.00 |

|     20 | 3000.00 |ğŸ”¹
|     20 | 3000.00 |ğŸ”¹
|     20 | 2975.00 |
|     20 | 1100.00 |
|     20 |  800.00 |

|     30 | 2850.00 |ğŸ”¹
|     30 | 1600.00 |
|     30 | 1500.00 |
|     30 | 1250.00 |
|     30 | 1250.00 |
|     30 |  950.00 |
+--------+---------+
```
{% endtab %}

{% tab title="åˆ†çµ„è³‡æ–™ä¸²æ¥" %}
\-- GROUP\_CONCATåˆ†çµ„è³‡æ–™ä¸²æ¥\
\-- SEPARATOR ==>ç”¨ç”šéº¼éš”é–‹\
\-- ç¯„ä¾‹ï¼šè©²éƒ¨é–€æœ‰å“ªäº›è·ä½ã€åŒéƒ¨é–€å»é™¤é‡è¤‡çš„è·ä½(p.117)

```
mysql> SELECT deptno, GROUP_CONCAT(DISTINCT job SEPARATOR ',') jobs
    -> FROM emp
    -> GROUP BY deptno;
+--------+-------------------------+
| deptno | jobs                    |
+--------+-------------------------+
|     10 | CLERK,MANAGER,PRESIDENT |
|     20 | ANALYST,CLERK,MANAGER   |
|     30 | CLERK,MANAGER,SALESMAN  |
+--------+-------------------------+
```
{% endtab %}
{% endtabs %}



## ä½œæ¥­ç·´ç¿’ï¼DQL-Group by(p.117)

1. é¡¯ç¤ºæ‰€æœ‰å“¡å·¥çš„æœ€é«˜ã€æœ€ä½ã€ç¸½å’Œã€å¹³å‡è–ªè³‡ï¼Œè¡¨é ­å‘½åmaximum,minimum,sum,averageï¼Œé¡¯ç¤ºçµæœå››æ¨äº”å…¥å–æ•´æ•¸ã€‚
2. é¡¯ç¤ºæ¯ç¨®è·ç¨±çš„æœ€ä½ã€æœ€é«˜ã€ç¸½å’Œã€å¹³å‡è–ªè³‡ã€‚
3. é¡¯ç¤ºæ¯ç¨®è·ç¨±äººæ•¸ã€‚
4. é¡¯ç¤ºè³‡æ–™é …number of managers ä¾†è¡¨ç¤ºæ“”ä»»ä¸»ç®¡çš„äººæ•¸ã€‚
5. é¡¯ç¤ºè³‡æ–™é …differenceä¾†è¡¨ç¤ºå…¬å¸ä¸­æœ€é«˜å’Œæœ€ä½è–ªæ°´é–“çš„å·®é¡ã€‚
6. ğŸŸ¡é¡¯ç¤ºæ¯ä½ä¸»ç®¡çš„å“¡å·¥ç·¨è™ŸåŠè©²ä¸»ç®¡ä¸‹å±¬å“¡å·¥æœ€ä½è–ªè³‡ï¼Œæ’é™¤æ²’æœ‰ä¸»ç®¡å’Œä¸‹å±¬å“¡å·¥æœ€ä½è–ªè³‡å°‘æ–¼1000çš„ä¸»ç®¡ï¼Œä¸¦ä»¥ä¸‹å±¬å“¡å·¥æœ€ä½è–ªè³‡åšé™å†ªæ’åºã€‚
7. é¡¯ç¤ºåœ¨1980,1981,1982,1983å¹´åˆ°è·çš„å“¡å·¥æ•¸é‡ï¼Œä¸¦çµ¦è©²è³‡æ–™é …ä¸€å€‹åˆé©çš„åç¨±ã€‚

{% tabs %}
{% tab title="1" %}
```
/*é¡¯ç¤ºæ‰€æœ‰å“¡å·¥çš„æœ€é«˜ã€æœ€ä½ã€ç¸½å’Œã€å¹³å‡è–ªè³‡ï¼Œ
è¡¨é ­å‘½åmaximum,minimum,sum,averageï¼Œé¡¯ç¤ºçµæœå››æ¨äº”å…¥å–æ•´æ•¸ã€‚*/
SELECT ROUND(MAX(sal),0) 'Maximum',  
		   ROUND(MIN(sal),0) 'Minimum', 
       ROUND(SUM(sal),0) 'SUM', 
       ROUND(AVG(sal),0) 'Average' 
FROM emp;
+---------+---------+-------+---------+
| Maximum | Minimum | SUM   | Average |
+---------+---------+-------+---------+
|    5000 |     800 | 29025 |    2073 |
+---------+---------+-------+---------+
1 row in set (0.03 sec)
```
{% endtab %}

{% tab title="2" %}
```
-- é¡¯ç¤ºæ¯ç¨®è·ç¨±çš„æœ€ä½ã€æœ€é«˜ã€ç¸½å’Œã€å¹³å‡è–ªè³‡ã€‚
SELECT job, MAX(sal), MIN(sal), SUM(sal), AVG(sal) 
FROM emp 
GROUP BY JOB;
+-----------+----------+----------+----------+-------------+
| job       | MAX(sal) | MIN(sal) | SUM(sal) | AVG(sal)    |
+-----------+----------+----------+----------+-------------+
| CLERK     |  1300.00 |   800.00 |  4150.00 | 1037.500000 |
| SALESMAN  |  1600.00 |  1250.00 |  5600.00 | 1400.000000 |
| MANAGER   |  2975.00 |  2450.00 |  8275.00 | 2758.333333 |
| ANALYST   |  3000.00 |  3000.00 |  6000.00 | 3000.000000 |
| PRESIDENT |  5000.00 |  5000.00 |  5000.00 | 5000.000000 |
+-----------+----------+----------+----------+-------------+
5 rows in set (0.00 sec)
```
{% endtab %}

{% tab title="3" %}
```
-- é¡¯ç¤ºæ¯ç¨®è·ç¨±äººæ•¸ã€‚
SELECT job, COUNT(*) 
FROM emp 
GROUP BY JOB;
+-----------+----------+
| job       | COUNT(*) |
+-----------+----------+
| CLERK     |        4 |
| SALESMAN  |        4 |
| MANAGER   |        3 |
| ANALYST   |        2 |
| PRESIDENT |        1 |
+-----------+----------+
5 rows in set (0.00 sec)
```
{% endtab %}

{% tab title="4" %}
```
-- é¡¯ç¤ºè³‡æ–™é …number of managers ä¾†è¡¨ç¤ºæ“”ä»»ä¸»ç®¡çš„äººæ•¸ã€‚
SELECT count(*) 'Number of Managers' 
FROM emp 
WHERE job='MANAGER';
+--------------------+
| Number of Managers |
+--------------------+
|                  3 |
+--------------------+
1 row in set (0.00 sec)
```
{% endtab %}

{% tab title="5" %}
```
-- é¡¯ç¤ºè³‡æ–™é …differenceä¾†è¡¨ç¤ºå…¬å¸ä¸­æœ€é«˜å’Œæœ€ä½è–ªæ°´é–“çš„å·®é¡ã€‚
SELECT MAX(sal)-MIN(sal) 'DIFFERENCE' 
FROM emp;
+------------+
| DIFFERENCE |
+------------+
|    4200.00 |
+------------+
1 row in set (0.04 sec)
```
{% endtab %}

{% tab title="6ğŸŸ¡" %}
```
/*é¡¯ç¤ºæ¯ä½ä¸»ç®¡çš„å“¡å·¥ç·¨è™ŸåŠè©²ä¸»ç®¡ä¸‹å±¬å“¡å·¥æœ€ä½è–ªè³‡ï¼Œ
æ’é™¤æ²’æœ‰ä¸»ç®¡å’Œä¸‹å±¬å“¡å·¥æœ€ä½è–ªè³‡å°‘æ–¼1000çš„ä¸»ç®¡ï¼Œä¸¦ä»¥ä¸‹å±¬å“¡å·¥æœ€ä½è–ªè³‡åšé™å†ªæ’åºã€‚*/
SELECT mgr, MIN(sal) 
FROM emp 
GROUP BY mgr 
HAVING mgr IS NOT NULL AND MIN(sal)>1000 
ORDER BY MIN(sal) DESC; 
+------+----------+
| mgr  | MIN(sal) |
+------+----------+
| 7566 |  3000.00 |
| 7839 |  2450.00 |
| 7782 |  1300.00 |
| 7788 |  1100.00 |
+------+----------+
4 rows in set (0.02 sec)
```
{% endtab %}

{% tab title="7" %}
```
-- é¡¯ç¤ºåœ¨1980,1981,1982,1983å¹´åˆ°è·çš„å“¡å·¥æ•¸é‡ï¼Œä¸¦çµ¦è©²è³‡æ–™é …ä¸€å€‹åˆé©çš„åç¨±ã€‚
SELECT YEAR(hiredate) 'HYear', count(*) 'Number of People' 
FROM emp 
GROUP by YEAR(hiredate) 
HAVING HYear IN (1980,1981,1982,1983); 
+-------+------------------+
| HYear | Number of People |
+-------+------------------+
|  1980 |                1 |
|  1981 |               10 |
|  1982 |                2 |
|  1983 |                1 |
+-------+------------------+
4 rows in set (0.04 sec)
```
{% endtab %}
{% endtabs %}

