---
description: åƒç…§è¬›ç¾©p.99~p.118
---

# GROUP BYã€HAVING

## ç¾¤çµ„å½™ç¸½å‡½æ•¸

| å‡½æ•¸ | åŠŸèƒ½ |
| :--- | :--- |
| COUNT\(\*\) | è³‡æ–™çš„ç­†æ•¸ |
| COUNT\(_column_\) | æ¬„ä½ä¸ç‚ºç©ºå€¼çš„ç­†æ•¸ |
| COUNT\(DISTINCT _column_\) | å»é™¤é‡è¤‡åˆ—ä¸ç‚ºç©ºå€¼çš„ç­†æ•¸ |
| MAX\(_column_\) | æ¬„ä½ä¸­æœ€å¤§çš„å€¼ |
| MIN\(_column_\) | æ¬„ä½ä¸­æœ€å°çš„å€¼ |
| SUM\(_column_\) | â€‹æ¬„ä½çš„åŠ ç¸½ |
| AVG\(_column_\) | æ¬„ä½çš„å¹³å‡å€¼ |

ä¸‹é¢ç¯„ä¾‹

{% tabs %}
{% tab title="COUNT1" %}
`-- COUNTå°ç…§  
SELECT *  
FROM emp  
WHERE deptno = 10;  
	-- ğŸ”¶COUNT(*)  
	SELECT COUNT(*)  
	FROM emp  
	WHERE deptno = 10;`

å°ç…§è¡¨

| empno |  ename | job | mer | hiredate | sal | comm | deptno |
| :--- | :--- | :--- | :--- | :--- | :--- | :--- | :--- |
| 772 | CLERK | MANAGER | 7839 | 1981-06-09 00:00:00 | 2450.00 | NULL | 10 |
| 7839 | KING | PRESIDENT | NULL | 1981-11-17 00:00:00 | 5000.00 | NULL | 10 |
| 7934 | MILLER | CLERK | 7782 | 1982-01-23 00:00:00 | 1300.00 | NULL | 10 |

\(COUNT\(\*\)\)å‘ˆç¾çµæœ

| COUNT\(\*\) |
| :--- |
| 3 |
{% endtab %}

{% tab title="COUNT2" %}
`-- COUNT(column | expr)å°ç…§  
SELECT comm  
FROM emp  
WHERE deptno = 30;  
	-- ğŸ”¶COUNT(column | expr)  
	SELECT COUNT(comm)  
	FROM emp  
	WHERE deptno = 30;`

å°ç…§è¡¨

| comm |
| :--- |
| 300.00 |
| 500.00 |
| 1400.00 |
| NULL |
| 0.00 |
| NULL |

COUNT\(column\)å‘ˆç¾çµæœ

| COUNT\(comm\) |
| :--- |
| 4 |
{% endtab %}

{% tab title="DISTINCT" %}
`SELECT DISTINCT comm  
FROM emp  
WHERE deptno = 30;  
	-- ğŸ”¶COUNT(DISTINCT column | expr)  
	SELECT DISTINCT COUNT(comm)  
	FROM emp  
	WHERE deptno = 30;`

å°ç…§è¡¨

| comm |
| :--- |
| 300.00 |
| 500.00 |
| 1400.00 |
| NULL |
| 0.00 |

å‘ˆç¾çµæœ

| COUNT\(comm\) |
| :--- |
| 4 |
{% endtab %}

{% tab title="MAX" %}
`-- MAX(column) | expr)å°ç…§  
SELECT sal  
FROM emp  
WHERE deptno = 30;  
	-- ğŸ”¶MAX(column) | expr)æœ€å¤§å€¼  
    SELECT MAX(sal)  
    FROM emp  
    WHERE deptno = 30;`

å°ç…§è¡¨

| sal |
| :--- |
| 1600.00 |
| 1250.00 |
| 1250.00 |
| 2850.00 |
| 1500.00 |
| 950.00 |

å‘ˆç¾çµæœ

| MAX\(sal\) |
| :--- |
| 2850.00 |
{% endtab %}

{% tab title="MIN" %}
`-- MIN(column) | expr)å°ç…§  
SELECT sal  
FROM emp  
WHERE deptno = 30;`  
	`-- ğŸ”¶MIN(column) | expr)æœ€å°å€¼  
    SELECT MIN(sal)  
    FROM emp  
    WHERE deptno = 30;`

å°ç…§è¡¨

| sal |
| :--- |
| 1600.00 |
| 1250.00 |
| 1250.00 |
| 2850.00 |
| 1500.00 |
| 950.00 |

å‘ˆç¾çµæœ

| MIN\(sal\) |
| :--- |
| 950.00 |
{% endtab %}

{% tab title="SUM" %}
`-- SUM(column) | expr)å°ç…§  
SELECT sal  
FROM emp  
WHERE deptno = 30;  
	-- ğŸ”¶SUM(column) | expr)åŠ ç¸½  
    SELECT SUM(sal)  
    FROM emp  
    WHERE deptno = 30;`

å°ç…§è¡¨

| sal |
| :--- |
| 1600.00 |
| 1250.00 |
| 1250.00 |
| 2850.00 |
| 1500.00 |
| 950.00 |

å‘ˆç¾çµæœ

| SUM\(sal\) |
| :--- |
| 9400.00 |
{% endtab %}

{% tab title="AVG" %}
`-- AVG(column) | expr)å°ç…§  
SELECT comm  
FROM emp  
WHERE deptno = 30;  
    -- ğŸ”¶AVG(column) | expr) / COUNT(column)å¹³å‡å€¼(ä¸å«nulläººé ­)  
    -- (1400+3000+0+500)Ã·4  
    SELECT AVG(comm)  
    FROM emp  
    WHERE deptno = 30;  
    -- ğŸ”¶AVG(IFNULL(column) | expr,0))å¹³å‡å€¼(å«nulläººé ­)  
    -- (1400+3000+0+500)Ã·6  
    -- å¦ä¸€å€‹ç®—æ³•ï¼šSUM(column) / COUNT(*)  
    SELECT AVG(IFNULL(comm,0)) AVG  
		FROM emp  
		WHERE deptno = 30;  
    SELECT SUM(comm) / COUNT(*) AVG  
		FROM emp  
		WHERE deptno = 30;`  


å°ç…§è¡¨

| comm |
| :--- |
| 300.00 |
| 500.00 |
| 1400.00 |
| NULL |
| 0.00 |
| NULL |

å‘ˆç¾çµæœ

| AVG |
| :--- |
| 366.666667 |
{% endtab %}

{% tab title="ç¶œåˆ" %}
-- ç¾¤çµ„å‡½æ•¸  
SELECT SUM\(sal\),MIN\(sal\),MAX\(sal\),AVG\(sal\),COUNT\(\*\)  
FROM emp  
WHERE deptno = 30;

å‘ˆç¾çµæœ

<table>
  <thead>
    <tr>
      <th style="text-align:left">
        <p></p>
        <p>SUM(sal)</p>
      </th>
      <th style="text-align:left">
        <p></p>
        <p>MIN(sal)</p>
      </th>
      <th style="text-align:left">
        <p></p>
        <p>MAX(sal)</p>
      </th>
      <th style="text-align:left">
        <p></p>
        <p>AVG(sal)</p>
      </th>
      <th style="text-align:left">
        <p></p>
        <p>COUNT(*)</p>
      </th>
    </tr>
  </thead>
  <tbody>
    <tr>
      <td style="text-align:left">9400.00</td>
      <td style="text-align:left">950.00</td>
      <td style="text-align:left">2850.00</td>
      <td style="text-align:left">1566.666667</td>
      <td style="text-align:left">6</td>
    </tr>
  </tbody>
</table>
{% endtab %}
{% endtabs %}

## è³‡æ–™åˆ†çµ„GROUP BY

**`GROUP BY`** _æ¬„ä½å_

ä¸‹é¢ç¯„ä¾‹





{% tabs %}
{% tab title="åˆ†çµ„" %}
`-- GROUP BYè³‡æ–™åˆ†çµ„  
SELECT deptno, SUM(sal)  
FROM emp  
GROUP BY deptno;`

å‘ˆç¾çµæœ

| deptno | SUM\(sal\) |
| :--- | :--- |
| 10 | 8750.00 |
| 20 | 10875.00 |
| 30 | 9400.00 |
{% endtab %}

{% tab title="å¤šæ¬„åˆ†çµ„" %}
-- å¤šæ¬„åˆ†çµ„\(å¤šæ¢ä»¶ä¸­éƒ½ç›¸ç¬¦æ‰æ­¸ç‚ºä¸€çµ„\)  
SELECT deptno,job,COUNT\(\*\)  
FROM emp  
GROUP BY deptno, job;

å‘ˆç¾å¦‚ä¸‹

| deptno | job | COUNT\(\*\) |
| :--- | :--- | :--- |
| 10 | CLERK | 1 |
| 10 | MANAGER | 1 |
| 10 | PRESIDENT | 1 |

| 20 | MANAGER | 1 |
| :--- | :--- | :--- |


| 20 | ANALYST | 2 |
| :--- | :--- | :--- |
| 20 | CLERK | 2 |

| 30 | CLERK | 1 |
| :--- | :--- | :--- |
| 30 | MANAGER | 1 |

| 30 | SALESMAN | 4 |
| :--- | :--- | :--- |
{% endtab %}
{% endtabs %}

## ç¯©é¸åˆ†çµ„è³‡æ–™ HAVING

ä¸‹é¢ç¯„ä¾‹

{% tabs %}
{% tab title="åˆ†çµ„ç¯©é¸" %}
`SELECT deptno, MAX(sal) SalMax  
FROM emp  
GROUP BY deptno   
HAVING MAX(sal) > 2900;`

å‘ˆç¾çµæœ

| deptno | salMax |
| :--- | :--- |
| 10 | 5000.00 |
| 20 | 3000.00 |
{% endtab %}

{% tab title="åˆ†çµ„è³‡æ–™ä¸²æ¥" %}
-- GROUP\_CONCATåˆ†çµ„è³‡æ–™ä¸²æ¥  
-- SEPARATOR ==&gt;ç”¨ç”šéº¼éš”é–‹  
-- ç¯„ä¾‹ï¼šè©²éƒ¨é–€æœ‰å“ªäº›è·ä½ã€åŒéƒ¨é–€å»é™¤é‡è¤‡çš„è·ä½

`SELECT deptno, GROUP_CONCAT(DISTINCT job SEPARATOR ',') jobs  
FROM emp  
GROUP BY deptno;`

| deptno | jobs |
| :--- | :--- |
| 10 | CLERK,MANAGER,PRESIDENT |
| 20 | ANALYST,CLERK,MANAGER |
| 30 | CLERK,MANAGER,SALESMAN |
{% endtab %}
{% endtabs %}



| 10 | 5000.00 |
| :--- | :--- |
| 20 | 3000.00 |

## ä½œæ¥­ç·´ç¿’ï¼DQL-Group by

1. é¡¯ç¤ºæ‰€æœ‰å“¡å·¥çš„æœ€é«˜ã€æœ€ä½ã€ç¸½å’Œã€å¹³å‡è–ªè³‡ï¼Œè¡¨é ­å‘½åmaximum,minimum,sum,averageï¼Œé¡¯ç¤ºçµæœå››æ¨äº”å…¥å–æ•´æ•¸ã€‚
2. é¡¯ç¤ºæ¯ç¨®è·ç¨±çš„æœ€ä½ã€æœ€é«˜ã€ç¸½å’Œã€å¹³å‡è–ªè³‡ã€‚
3. é¡¯ç¤ºæ¯ç¨®è·ç¨±äººæ•¸ã€‚
4. é¡¯ç¤ºè³‡æ–™é …number of managers ä¾†è¡¨ç¤ºæ“”ä»»ä¸»ç®¡çš„äººæ•¸ã€‚
5. é¡¯ç¤ºè³‡æ–™é …differenceä¾†è¡¨ç¤ºå…¬å¸ä¸­æœ€é«˜å’Œæœ€ä½è–ªæ°´é–“çš„å·®é¡ã€‚
6. é¡¯ç¤ºæ¯ä½ä¸»ç®¡çš„å“¡å·¥ç·¨è™ŸåŠè©²ä¸»ç®¡ä¸‹å±¬å“¡å·¥æœ€ä½è–ªè³‡ï¼Œæ’é™¤æ²’æœ‰ä¸»ç®¡å’Œä¸‹å±¬å“¡å·¥æœ€ä½è–ªè³‡å°‘æ–¼1000çš„ä¸»ç®¡ï¼Œä¸¦ä»¥ä¸‹å±¬å“¡å·¥æœ€ä½è–ªè³‡åšé™å†ªæ’åºã€‚
7. é¡¯ç¤ºåœ¨1980,1981,1982,1983å¹´åˆ°è·çš„å“¡å·¥æ•¸é‡ï¼Œä¸¦çµ¦è©²è³‡æ–™é …ä¸€å€‹åˆé©çš„åç¨±ã€‚

{% tabs %}
{% tab title="1" %}
```text
SELECT ROUND(MAX(sal),0) 'Maximum',  
		ROUND(MIN(sal),0) 'Minimum', 
        ROUND(SUM(sal),0) 'SUM', 
        ROUND(AVG(sal),0) 'Average' 
FROM emp;
+---------+---------+-------+---------+
| Maximum | Minimum | SUM   | Average |
+---------+---------+-------+---------+
|    5000 |     800 | 29025 |    2073 |
+---------+---------+-------+---------+
1 row in set (0.03 sec)
```
{% endtab %}

{% tab title="2" %}
```
SELECT job, MAX(sal), MIN(sal), SUM(sal), AVG(sal) 
FROM emp 
GROUP BY JOB;
+-----------+----------+----------+----------+-------------+
| job       | MAX(sal) | MIN(sal) | SUM(sal) | AVG(sal)    |
+-----------+----------+----------+----------+-------------+
| CLERK     |  1300.00 |   800.00 |  4150.00 | 1037.500000 |
| SALESMAN  |  1600.00 |  1250.00 |  5600.00 | 1400.000000 |
| MANAGER   |  2975.00 |  2450.00 |  8275.00 | 2758.333333 |
| ANALYST   |  3000.00 |  3000.00 |  6000.00 | 3000.000000 |
| PRESIDENT |  5000.00 |  5000.00 |  5000.00 | 5000.000000 |
+-----------+----------+----------+----------+-------------+
5 rows in set (0.00 sec)
```
{% endtab %}

{% tab title="3" %}
```
SELECT job, COUNT(*) 
FROM emp 
GROUP BY JOB;
+-----------+----------+
| job       | COUNT(*) |
+-----------+----------+
| CLERK     |        4 |
| SALESMAN  |        4 |
| MANAGER   |        3 |
| ANALYST   |        2 |
| PRESIDENT |        1 |
+-----------+----------+
5 rows in set (0.00 sec)
```
{% endtab %}

{% tab title="4" %}
```
SELECT count(*) 'Number of Managers' 
FROM emp 
WHERE job='MANAGER';
+--------------------+
| Number of Managers |
+--------------------+
|                  3 |
+--------------------+
1 row in set (0.00 sec)
```
{% endtab %}

{% tab title="5" %}
```
SELECT MAX(sal)-MIN(sal) 'DIFFERENCE' 
FROM emp;
+------------+
| DIFFERENCE |
+------------+
|    4200.00 |
+------------+
1 row in set (0.04 sec)
```
{% endtab %}

{% tab title="6" %}
```
SELECT mgr, MIN(sal) 
FROM emp 
GROUP BY mgr 
HAVING mgr IS NOT NULL AND MIN(sal)>1000 
ORDER BY MIN(sal) DESC; 
+------+----------+
| mgr  | MIN(sal) |
+------+----------+
| 7566 |  3000.00 |
| 7839 |  2450.00 |
| 7782 |  1300.00 |
| 7788 |  1100.00 |
+------+----------+
4 rows in set (0.02 sec)
```
{% endtab %}

{% tab title="7" %}
```
SELECT YEAR(hiredate) 'HYear', count(*) 'Number of People' 
FROM emp 
GROUP by YEAR(hiredate) 
HAVING HYear IN (1980,1981,1982,1983); 
+-------+------------------+
| HYear | Number of People |
+-------+------------------+
|  1980 |                1 |
|  1981 |               10 |
|  1982 |                2 |
|  1983 |                1 |
+-------+------------------+
4 rows in set (0.04 sec)
```
{% endtab %}
{% endtabs %}



