---
description: å¼•ç”¨åŒå€‹è¡¨æ ¼æŠ“å–è³‡æ–™(åƒexcelçš„vlookup/index match) æˆ–æ˜¯ å¼•ç”¨å¤šå€‹è¡¨æ ¼æŠ“å–è³‡æ–™
---

# JOINå¤šè³‡æ–™è¡¨æŸ¥è©¢

## äº¤å‰é€£çµCross Join(p.122)

ä½¿ç”¨å…©å€‹è¡¨æ ¼çš„è³‡æ–™ä¾†ç”¢ç”Ÿæ¸¬è©¦ç”¨è³‡æ–™ã€‚é€™å€‹é€£çµæ¯”è¼ƒå°‘ç”¨åˆ°ã€‚

ä»¥ä¸‹ç¯„ä¾‹ï¼Œe1å’Œe2æ˜¯åˆ¥å(æ˜¯ç‚ºäº†ç¸®å¯«æ–¹ä¾¿ç”¨çš„)\
è‹¥å…©è¡¨æ ¼æœ‰ä¸€æ¨£çš„æ¬„ä½ï¼Œä½†ä¸çµ¦ä»–è¡¨æ ¼åï¼Œç³»çµ±æœƒä¸çŸ¥é“ä½ è¦å“ªå€‹è¡¨æ ¼çš„æ¬„ä½

`SELECT e1.ename, e2.job`\
`FROM emp e1 CROSS JOIN emp e2;`

## å…§éƒ¨é€£çµInner Join(p.123)

### è‡ªç„¶é€£çµNatural Join(p.123)

* ç›¸åŒæ¬„ä½åç¨±åšé€£çµä¾æ“š
* ç¼ºé»ï¼šè‹¥æ¬„ä½åç¨±å‹æ…‹ä¸åŒæ™‚ï¼Œå‰‡ç”¢ç”ŸéŒ¯èª¤è¨Šæ¯

{% tabs %}
{% tab title="NATURAL JOIN" %}
`SELECT e.ename, e.job, e.sal, e.deptno, d.dname, d.loc`\
`FROM emp e NATURAL JOIN dept d;`
{% endtab %}

{% tab title="USING" %}
æŒ‡å®šæ¬„ä½åšé€£çµæ¢ä»¶(p.124)

`SELECT a.empno, a.ename, a.mgr, a.sal, a.deptno, b.deptno,b.dname`\
`FROM emp a JOIN dept b USING(deptno)`\
`WHERE deptno = 10;`

{% hint style="info" %}
USING()å…§ä¸å¯ä»¥ä½¿ç”¨é—œä¿‚åç¨±ï¼Œ\
ä¾‹å¦‚âŒUSING(a.deptno)
{% endhint %}
{% endtab %}
{% endtabs %}





### ç›¸ç­‰é€£çµEqual Joins(p.125)

{% tabs %}
{% tab title="ON" %}
ONè¨­å®š**é€£çµæ¢ä»¶**

\-- ç‚ºè§£æ±ºè‡ªç„¶é€£çµ(NATURAL JOIN)çš„ç¼ºé»ï¼Œå¯ä½¿ç”¨ON = çš„æ¢ä»¶

`SELECT e.ename, e.job, e.sal, e.deptno, d.dname, d.loc`\
`FROM emp e JOIN dept d ON(e.deptno=d.deptno);`

å‚™è¨»ï¼šONå¾Œé¢æ‹¬è™Ÿå¯åŠ å¯ä¸åŠ ã€‚
{% endtab %}

{% tab title="WHERE" %}
æŸ¥è©¢æ¢ä»¶+WHERE(p.126)\
ç¯„ä¾‹ï¼šåˆ—å‡ºå“¡å·¥å§“åKINGæ‰€åœ¨çš„éƒ¨é–€è³‡è¨Šã€‚

`SELECT a.empno,a.ename,a.mgr,a.sal,a.deptno,b.deptno,b.dname`\
`FROM emp a JOIN dept b ON a.deptno = b.deptno`\
`WHERE a.ename = 'KING';`


{% endtab %}

{% tab title="å¤šè³‡æ–™è¡¨é€£çµ" %}
(p.128)ç¯„ä¾‹ï¼šè¨ˆç®—å“¡å·¥æ¥­ç¸¾(empè¡¨æ ¼ã€custmoerè¡¨æ ¼ã€ordè¡¨æ ¼)

`SELECT a.empno,a.ename,sum(c.total) 'total'`\
`FROM emp a JOIN customer b ON a.empno = b.repid`\
&#x9;   `JOIN ord c ON b.custid = c.custid`\
`GROUP BY a.empno, a.ename;`
{% endtab %}
{% endtabs %}

### ä¸ç›¸ç­‰é€£çµNon-Equi joins(p.129)

{% tabs %}
{% tab title="BETWEEN AND" %}
\-- å…§éƒ¨é€£çµï¼ä¸ç›¸ç­‰é€£çµ>=æˆ–<=ã€BETWEEN AND

`SELECT a.empno, a.ename, a.sal, b.grade`\
`FROM emp a JOIN salgrade b` \
&#x20;          `ON(a.sal BETWEEN b.losal AND b.hisal);`

\-- ç¯„ä¾‹äºŒï¼šåˆ—å‡ºæ‰€æœ‰å“¡å·¥è–ªè³‡çš„ç­‰ç´š(BETWEEN AND)

`SELECT a.empno,a.ename,a.sal,b.grade`\
`FROM emp a JOIN salgrade b` \
&#x20;          `ON (a.sal BETWEEN b.losal AND b.hisal);`
{% endtab %}
{% endtabs %}



## å¤–éƒ¨é€£çµOuter Join(p.130)

* ã€Œleft outer joinã€ä»¥å‘½ä»¤ã€Œå·¦æ–¹ã€çš„è¡¨æ ¼åˆ¤æ–·
* ã€Œright outer joinã€ä»¥å‘½ä»¤ã€Œå³æ–¹ã€çš„è¡¨æ ¼åˆ¤æ–·

{% tabs %}
{% tab title="ç¯„ä¾‹ä¸€LEFT" %}
\-- åˆ—å‡ºæ‰€æœ‰éƒ¨é–€ä¸‹çš„å“¡å·¥(p.131)

`SELECT a.deptno, a.dname, b.empno, b.ename`\
`FROM dept a LEFT OUTER JOIN emp b` \
&#x20;           `ON a.deptno = b.deptno;`


{% endtab %}

{% tab title="ç¯„ä¾‹äºŒRIGHT" %}
\-- åˆ—å‡ºæ²’æœ‰å“¡å·¥çš„éƒ¨é–€(p.131)

`SELECT e.ename, e.deptno, d.dname, d.loc`\
`FROM emp e RIGHT OUTER JOIN dept d` \
&#x20;          `ON e.deptno = d.deptno`\
`WHERE e.empno is NULL;`
{% endtab %}
{% endtabs %}

## è‡ªæˆ‘é€£çµSelf Joins(p.132)

{% tabs %}
{% tab title="ç¯„ä¾‹" %}
\-- ç”¨å“¡ç·¨æ‰¾ä¸»ç®¡è³‡è¨Š

`SELECT a.empno, a.ename, a.mgr, b.ename`\
`FROM emp a JOIN emp b` \
&#x20;          `ON a.mgr = b.empno`\
`ORDER BY a.mgr;`
{% endtab %}
{% endtabs %}

## JOINçš„æ„ç¾©(p.133)

![ç·¨è™Ÿfã€gæ˜¯ä½¿ç”¨ã€ŒUNIONã€ä¸²è¯å…©å€‹SELECTçš„](../../.gitbook/assets/image.png)

{% tabs %}
{% tab title="UNION(b+c=f)" %}
**Left Outer Join** + **Right Outer Join** = Outer Join | Full Outer Join | **Full Join**

`SELECT <select_list> FROM`\
`tableA a LEFT JOIN tableB b`\
`ON a.key=b.key`\
`UNIONğŸ”¸`\
`SELECT <select_list> FROM`\
`tableA a RIGHT JOIN tableB b`\
`ON a.key=b.key`
{% endtab %}

{% tab title="UNION(d+e=g)" %}
**Left Excluding Join** + **Right Excluding Join** = **Outer Excluding Join**

`SELECT <select_list> FROM`\
`tableA a LEFT JOIN tableB b`\
`ON a.key=b.key`\
`WHERE b.key IS NULL`\
`UNIONğŸ”¸`\
`SELECT <select_list> FROM`\
`tableA a RIGHT JOIN tableB b`\
`ON a.key=b.key`\
`WHERE a.key IS NULL`
{% endtab %}
{% endtabs %}



## ä½œæ¥­ç·´ç¿’ï¼DQL-JOIN(p.134)

1. é¡¯ç¤ºæ‰€æœ‰å“¡å·¥ä¹‹å§“åï¼Œæ‰€å±¬éƒ¨é–€ç·¨è™Ÿï¼Œéƒ¨é–€åç¨±åŠéƒ¨é–€æ‰€åœ¨åœ°é»ã€‚
2. é¡¯ç¤ºæ‰€æœ‰æœ‰è³ºå–ä½£é‡‘çš„å“¡å·¥ä¹‹å§“åï¼Œä½£é‡‘é‡‘é¡ï¼Œéƒ¨é–€åç¨±åŠéƒ¨é–€æ‰€åœ¨åœ°é»ã€‚
3. é¡¯ç¤ºå§“åä¸­åŒ…å«æœ‰"A"çš„å“¡å·¥ä¹‹å§“ååŠéƒ¨é–€åç¨±ã€‚
4. é¡¯ç¤ºæ‰€æœ‰åœ¨"DALLAS"å·¥ä½œçš„å“¡å·¥ä¹‹å§“åï¼Œè·ç¨±ï¼Œéƒ¨é–€ç·¨è™ŸåŠéƒ¨é–€åç¨±ã€‚
5. é¡¯ç¤ºå‡ºè¡¨é ­åç‚ºï¼šemployee, emp#, Manager, mgr#ï¼Œåˆ†åˆ¥è¡¨ç¤ºæ‰€æœ‰å“¡å·¥ä¹‹å§“åï¼Œå“¡å·¥ç·¨è™Ÿï¼Œä¸»ç®¡å§“å­—ï¼Œä¸»ç®¡çš„å“¡å·¥ç·¨è™Ÿã€‚
6. é¡¯ç¤ºå‡ºSALGRADEè³‡æ–™è¡¨çš„çµæ§‹ï¼Œä¸¦å»ºç«‹ä¸€æŸ¥è©¢é¡¯ç¤ºæ‰€æœ‰å“¡å·¥ä¹‹å§“åï¼Œè·ç¨±ï¼Œéƒ¨é–€åç¨±ï¼Œè–ªè³‡åŠè–ªè³‡ç­‰ç´šã€‚
7. ğŸŸ¡é¡¯ç¤ºå‡ºè¡¨é ­åç‚ºï¼šemployee,emp hiredate, manager, mgr hiredateçš„è³‡æ–™é …ã€‚ä¾†é¡¯ç¤ºæ‰€æœ‰æ¯”ä»–çš„ä¸»ç®¡é‚„è¦æ—©é€²å…¬å¸çš„å“¡å·¥ä¹‹å§“åï¼Œé€²å…¬å¸æ—¥æœŸå’Œä¸»ç®¡ä¹‹å§“ååŠé€²å…¬å¸æ—¥æœŸã€‚
8. é¡¯ç¤ºå‡ºè¡¨é ­åç‚ºï¼šdname, loc, number of people, salaryçš„è³‡æ–™ä¾†é¡¯ç¤ºæ‰€æœ‰éƒ¨é–€ä¹‹éƒ¨é–€åç¨±ï¼Œéƒ¨é–€æ‰€åœ¨åœ°ï¼Œéƒ¨é–€å“¡å·¥æ•¸é‡åŠéƒ¨é–€å“¡å·¥çš„å¹³å‡è–ªè³‡ï¼Œå¹³å‡è–ªè³‡å››æ¨äº”å…¥å–åˆ°å°æ•¸ç¬¬äºŒä½ã€‚

{% tabs %}
{% tab title="1" %}
```
-- é¡¯ç¤ºæ‰€æœ‰å“¡å·¥ä¹‹å§“åï¼Œæ‰€å±¬éƒ¨é–€ç·¨è™Ÿï¼Œéƒ¨é–€åç¨±åŠéƒ¨é–€æ‰€åœ¨åœ°é»ã€‚
SELECT e.ename, e.deptno, d.dname, d.loc 
	FROM emp e JOIN dept d ON e.deptno=d.deptno;
+--------+--------+------------+----------+
| ename  | deptno | dname      | loc      |
+--------+--------+------------+----------+
| CLARK  |     10 | ACCOUNTING | NEW YORK |
| KING   |     10 | ACCOUNTING | NEW YORK |
| MILLER |     10 | ACCOUNTING | NEW YORK |
| SMITH  |     20 | RESEARCH   | DALLAS   |
| JONES  |     20 | RESEARCH   | DALLAS   |
| SCOTT  |     20 | RESEARCH   | DALLAS   |
| ADAMS  |     20 | RESEARCH   | DALLAS   |
| FORD   |     20 | RESEARCH   | DALLAS   |
| ALLEN  |     30 | SALES      | CHICAGO  |
| WARD   |     30 | SALES      | CHICAGO  |
| MARTIN |     30 | SALES      | CHICAGO  |
| BLAKE  |     30 | SALES      | CHICAGO  |
| TURNER |     30 | SALES      | CHICAGO  |
| JAMES  |     30 | SALES      | CHICAGO  |
+--------+--------+------------+----------+
14 rows in set (0.00 sec)
```
{% endtab %}

{% tab title="2" %}
```
-- é¡¯ç¤ºæ‰€æœ‰æœ‰è³ºå–ä½£é‡‘çš„å“¡å·¥ä¹‹å§“åï¼Œä½£é‡‘é‡‘é¡ï¼Œéƒ¨é–€åç¨±åŠéƒ¨é–€æ‰€åœ¨åœ°é»ã€‚
SELECT e.ename, e.comm, d.dname, d.loc 
	FROM emp e JOIN dept d ON e.deptno=d.deptno 
  WHERE e.comm >0;
+--------+---------+-------+---------+
| ename  | comm    | dname | loc     |
+--------+---------+-------+---------+
| ALLEN  |  300.00 | SALES | CHICAGO |
| WARD   |  500.00 | SALES | CHICAGO |
| MARTIN | 1400.00 | SALES | CHICAGO |
+--------+---------+-------+---------+
3 rows in set (0.00 sec)
```
{% endtab %}

{% tab title="3" %}
```
-- é¡¯ç¤ºå§“åä¸­åŒ…å«æœ‰"A"çš„å“¡å·¥ä¹‹å§“ååŠéƒ¨é–€åç¨±ã€‚
SELECT e.ename, d.dname 
	FROM emp e JOIN dept d ON e.deptno=d.deptno 
  WHERE e.ename LIKE '%A%';
+--------+------------+
| ename  | dname      |
+--------+------------+
| ALLEN  | SALES      |
| WARD   | SALES      |
| MARTIN | SALES      |
| BLAKE  | SALES      |
| CLARK  | ACCOUNTING |
| ADAMS  | RESEARCH   |
| JAMES  | SALES      |
+--------+------------+
7 rows in set (0.00 sec)
```
{% endtab %}

{% tab title="4" %}
```
-- é¡¯ç¤ºæ‰€æœ‰åœ¨"DALLAS"å·¥ä½œçš„å“¡å·¥ä¹‹å§“åï¼Œè·ç¨±ï¼Œéƒ¨é–€ç·¨è™ŸåŠéƒ¨é–€åç¨±ã€‚
SELECT e.ename, e.job, e.deptno, d.dname 
	FROM emp e JOIN dept d ON e.deptno=d.deptno 
  WHERE d.loc='DALLAS';
+-------+---------+--------+----------+
| ename | job     | deptno | dname    |
+-------+---------+--------+----------+
| SMITH | CLERK   |     20 | RESEARCH |
| JONES | MANAGER |     20 | RESEARCH |
| SCOTT | ANALYST |     20 | RESEARCH |
| ADAMS | CLERK   |     20 | RESEARCH |
| FORD  | ANALYST |     20 | RESEARCH |
+-------+---------+--------+----------+
5 rows in set (0.00 sec)
```
{% endtab %}

{% tab title="5" %}
```
/*é¡¯ç¤ºå‡ºè¡¨é ­åç‚ºï¼šemployee, emp#, Manager, mgr#ï¼Œ
åˆ†åˆ¥è¡¨ç¤ºæ‰€æœ‰å“¡å·¥ä¹‹å§“åï¼Œå“¡å·¥ç·¨è™Ÿï¼Œä¸»ç®¡å§“å­—ï¼Œä¸»ç®¡çš„å“¡å·¥ç·¨è™Ÿã€‚*/
SELECT e1.ename 'Employee', 
			e1.empno 'Emp#', e2.ename 'Manager', e2.empno 'Mgr#' 
	FROM emp e1 JOIN emp e2 ON e1.mgr=e2.empno;
+----------+------+---------+------+
| Employee | Emp# | Manager | Mgr# |
+----------+------+---------+------+
| SMITH    | 7369 | FORD    | 7902 |
| ALLEN    | 7499 | BLAKE   | 7698 |
| WARD     | 7521 | BLAKE   | 7698 |
| JONES    | 7566 | KING    | 7839 |
| MARTIN   | 7654 | BLAKE   | 7698 |
| BLAKE    | 7698 | KING    | 7839 |
| CLARK    | 7782 | KING    | 7839 |
| SCOTT    | 7788 | JONES   | 7566 |
| TURNER   | 7844 | BLAKE   | 7698 |
| ADAMS    | 7876 | SCOTT   | 7788 |
| JAMES    | 7900 | BLAKE   | 7698 |
| FORD     | 7902 | JONES   | 7566 |
| MILLER   | 7934 | CLARK   | 7782 |
+----------+------+---------+------+
13 rows in set (0.00 sec)
```
{% endtab %}

{% tab title="6" %}
```
/*é¡¯ç¤ºå‡ºSALGRADEè³‡æ–™è¡¨çš„çµæ§‹ï¼Œ
ä¸¦å»ºç«‹ä¸€æŸ¥è©¢é¡¯ç¤ºæ‰€æœ‰å“¡å·¥ä¹‹å§“åï¼Œè·ç¨±ï¼Œéƒ¨é–€åç¨±ï¼Œè–ªè³‡åŠè–ªè³‡ç­‰ç´šã€‚*/
DESCRIBE salgrade;
SELECT e.ename, e.job, d.dname, s.grade 
	FROM emp e JOIN dept d ON (e.deptno=d.deptno) 
			   		 JOIN salgrade s 
							ON (e.sal BETWEEN s.losal AND s.hisal);
+-------+--------------+------+-----+---------+-------+
| Field | Type         | Null | Key | Default | Extra |
+-------+--------------+------+-----+---------+-------+
| GRADE | tinyint      | YES  |     | NULL    |       |
| LOSAL | decimal(7,2) | YES  |     | NULL    |       |
| HISAL | decimal(7,2) | YES  |     | NULL    |       |
+-------+--------------+------+-----+---------+-------+
3 rows in set (0.00 sec)

+--------+-----------+------------+-------+
| ename  | job       | dname      | grade |
+--------+-----------+------------+-------+
| SMITH  | CLERK     | RESEARCH   |     1 |
| ALLEN  | SALESMAN  | SALES      |     3 |
| WARD   | SALESMAN  | SALES      |     2 |
| JONES  | MANAGER   | RESEARCH   |     4 |
| MARTIN | SALESMAN  | SALES      |     2 |
| BLAKE  | MANAGER   | SALES      |     4 |
| CLARK  | MANAGER   | ACCOUNTING |     4 |
| SCOTT  | ANALYST   | RESEARCH   |     4 |
| KING   | PRESIDENT | ACCOUNTING |     5 |
| TURNER | SALESMAN  | SALES      |     3 |
| ADAMS  | CLERK     | RESEARCH   |     1 |
| JAMES  | CLERK     | SALES      |     1 |
| FORD   | ANALYST   | RESEARCH   |     4 |
| MILLER | CLERK     | ACCOUNTING |     2 |
+--------+-----------+------------+-------+
14 rows in set (0.00 sec)
```
{% endtab %}

{% tab title="7ğŸŸ¡" %}
```
/*é¡¯ç¤ºå‡ºè¡¨é ­åç‚ºï¼šemployee,emp hiredate, manager, mgr hiredateçš„è³‡æ–™é …ã€‚
ä¾†é¡¯ç¤ºæ‰€æœ‰æ¯”ä»–çš„ä¸»ç®¡é‚„è¦æ—©é€²å…¬å¸çš„å“¡å·¥ä¹‹å§“åï¼Œé€²å…¬å¸æ—¥æœŸå’Œä¸»ç®¡ä¹‹å§“ååŠé€²å…¬å¸æ—¥æœŸã€‚
*/
SELECT e1.ename 'Employee', 
       e1.hiredate 'Emp Hiredate', 
       e2.ename 'Manager', e2.hiredate 'Mgr Hiredate' 
	FROM emp e1 JOIN emp e2 ON (e1.empno=e2.mgr) 
  WHERE e1.hiredate < e2.hiredate;
+----------+---------------------+---------+---------------------+
| Employee | Emp Hiredate        | Manager | Mgr Hiredate        |
+----------+---------------------+---------+---------------------+
| BLAKE    | 1981-05-01 00:00:00 | MARTIN  | 1981-09-28 00:00:00 |
| JONES    | 1981-04-02 00:00:00 | SCOTT   | 1982-12-09 00:00:00 |
| BLAKE    | 1981-05-01 00:00:00 | TURNER  | 1981-09-08 00:00:00 |
| SCOTT    | 1982-12-09 00:00:00 | ADAMS   | 1983-01-12 00:00:00 |
| BLAKE    | 1981-05-01 00:00:00 | JAMES   | 1981-12-03 00:00:00 |
| JONES    | 1981-04-02 00:00:00 | FORD    | 1981-12-03 00:00:00 |
| CLARK    | 1981-06-09 00:00:00 | MILLER  | 1982-01-23 00:00:00 |
+----------+---------------------+---------+---------------------+
7 rows in set (0.00 sec)
```
{% endtab %}

{% tab title="8" %}
```
/*é¡¯ç¤ºå‡ºè¡¨é ­åç‚ºï¼šdname, loc, number of people, salaryçš„è³‡æ–™
ä¾†é¡¯ç¤ºæ‰€æœ‰éƒ¨é–€ä¹‹éƒ¨é–€åç¨±ï¼Œéƒ¨é–€æ‰€åœ¨åœ°ï¼Œ
éƒ¨é–€å“¡å·¥æ•¸é‡åŠéƒ¨é–€å“¡å·¥çš„å¹³å‡è–ªè³‡ï¼Œå¹³å‡è–ªè³‡å››æ¨äº”å…¥å–åˆ°å°æ•¸ç¬¬äºŒä½ã€‚*/

SELECT d.dname 'dname', 
       d.loc 'loc', 
       COUNT(*) 'Number of People', 
       ROUND(AVG(e.sal),2) 'Salary' 
	FROM dept d JOIN emp e ON (d.deptno=e.deptno) 
  GROUP BY d.deptno;
+------------+----------+------------------+---------+
| dname      | loc      | Number of People | Salary  |
+------------+----------+------------------+---------+
| RESEARCH   | DALLAS   |                5 | 2175.00 |
| SALES      | CHICAGO  |                6 | 1566.67 |
| ACCOUNTING | NEW YORK |                3 | 2916.67 |
+------------+----------+------------------+---------+
3 rows in set (0.00 sec)
```
{% endtab %}
{% endtabs %}
