---
description: åƒç…§è¬›ç¾©p.75~p.98
---

# è³‡æ–™å‹æ…‹ã€FUNCTION

## ç¨®é¡\(p.75\)

1. åŸºæœ¬è³‡æ–™å‹æ…‹
   1. **å­—ä¸²**è³‡æ–™
   2. **æ•¸å€¼**è³‡æ–™
2. å°å‡ºå‹è³‡æ–™å‹æ…‹
   1. **æ—¥æœŸ**ï¼æ™‚é–“è³‡æ–™

è³‡æ–™å‹æ…‹å¤§æ¦‚æœ‰é‚£äº›\(æ‹¬è™Ÿè£¡é¢éƒ½æ˜¯ç›¸åŒçš„åªæ˜¯å¯«æ³•ä¸åŒ\)ï¼š

| æ•¸å€¼è³‡æ–™ | æ—¥æœŸæ™‚é–“è³‡æ–™ | æ–‡æ•¸å­—è³‡æ–™ |
| :--- | :--- | :--- |
| TINYINT | **`DATE`** | CHAR\(M\) |
| SMALLINT | **`DATETIME`** | **`VARCHAR(M)`** |
| MEDIUMINT | TIMESTAMP | TINYBLOB, TINYTEXT |
| **`INT`**, INTEGER | TIME | BLOB, TEXT |
| BIGINT | YEAR | MEDIUMBLOB, MEDIUMTEXT |
| FLOAT\(P\) |  | LONGBLOB, LONGTEXT |
| FLOAT |  |  |
| DOUBLE \[PRECISION\], item REAL |  |  |
| **`DECIMAL(M,D), NUMERIC(M,D)`** |  |  |

{% hint style="info" %}
* é€™é é¢åˆ—å‡ºçš„é …ç›®éƒ½åªæ˜¯**éƒ¨åˆ†**æˆ–å¸¸ç”¨çš„ï¼Œä¸¦ä¸æ˜¯å…¨éƒ¨çš„å‡½å¼èˆ‡æŒ‡ä»¤ï¼
* çœ‹åˆ°é€™æ¨£çš„  **`å­—æ¨£`**  è¡¨ç¤ºå¸¸ç”¨wã€‚
{% endhint %}

## ã€å­—ä¸²å‡½æ•¸ã€‘\(p.85\)

<table>
  <thead>
    <tr>
      <th style="text-align:left">&#x51FD;&#x6578;</th>
      <th style="text-align:left">&#x529F;&#x80FD;</th>
    </tr>
  </thead>
  <tbody>
    <tr>
      <td style="text-align:left">LENGTH(<em>str</em>)</td>
      <td style="text-align:left">&#x5B57;&#x4E32;&#x9577;&#x5EA6;</td>
    </tr>
    <tr>
      <td style="text-align:left">CHAR_LENGTH(<em>str</em>)</td>
      <td style="text-align:left">&#x5B57;&#x5143;&#x500B;&#x6578;</td>
    </tr>
    <tr>
      <td style="text-align:left">LCASE(str) | LOWER(str)</td>
      <td style="text-align:left">&#x8F49;&#x5C0F;&#x5BEB;&#x5B57;&#x6BCD;</td>
    </tr>
    <tr>
      <td style="text-align:left">UCASE(str) | UPPER(str)</td>
      <td style="text-align:left">&#x8F49;&#x5927;&#x5BEB;&#x5B57;&#x6BCD;</td>
    </tr>
    <tr>
      <td style="text-align:left">ASCII(str)</td>
      <td style="text-align:left">&#x56DE;&#x50B3;ASCII&#x78BC;</td>
    </tr>
    <tr>
      <td style="text-align:left"><b><code>CONCAT(str1, str2,...)</code></b>
      </td>
      <td style="text-align:left">&#x5B57;&#x4E32;&#x9023;&#x7D50;</td>
    </tr>
    <tr>
      <td style="text-align:left">FIELD(str1, str2,...)</td>
      <td style="text-align:left">str&#x5728;str list&#x7684;&#x4F4D;&#x7F6E;</td>
    </tr>
    <tr>
      <td style="text-align:left">INSERT(str,pos,len,newstr)</td>
      <td style="text-align:left">&#x6307;&#x5B9A;&#x5340;&#x9593;&#x63D2;&#x5165;&#x4E00;&#x5B57;&#x4E32;</td>
    </tr>
    <tr>
      <td style="text-align:left">LEFT(str,len)</td>
      <td style="text-align:left">&#x7531;&#x5DE6;&#x81F3;&#x53F3;&#x50B3;&#x56DE;&#x6307;&#x5B9A;&#x5B57;&#x5143;&#x6578;</td>
    </tr>
    <tr>
      <td style="text-align:left">RIGHT(str,len)</td>
      <td style="text-align:left">&#x7531;&#x53F3;&#x81F3;&#x5DE6;&#x50B3;&#x56DE;&#x6307;&#x5B9A;&#x5B57;&#x5143;&#x6578;</td>
    </tr>
    <tr>
      <td style="text-align:left">REVERSE(str)</td>
      <td style="text-align:left">&#x5B57;&#x4E32;&#x53CD;&#x8F49;</td>
    </tr>
    <tr>
      <td style="text-align:left">LPAD(str,len,padstr)</td>
      <td style="text-align:left">&#x5B57;&#x4E32;&#x4E0D;&#x8DB3;&#x6307;&#x5B9A;&#x5B57;&#x5143;&#x5411;&#x5DE6;&#x88DC;&#x9F4A;</td>
    </tr>
    <tr>
      <td style="text-align:left">RPAD(str,len,padstr)</td>
      <td style="text-align:left">&#x5B57;&#x4E32;&#x4E0D;&#x8DB3;&#x6307;&#x5B9A;&#x5B57;&#x5143;&#x5411;&#x53F3;&#x88DC;&#x9F4A;</td>
    </tr>
    <tr>
      <td style="text-align:left">
        <p><b><code>SUBSTRING(str,pos)</code></b>
        </p>
        <p>SUBSTRING(str FROM pos)</p>
        <p><b><code>SUBSTRING(str, pos,len)</code></b>
        </p>
        <p>SUBSTRING(str FROM pos FOR len)</p>
      </td>
      <td style="text-align:left">&#x64F7;&#x53D6;&#x5B57;&#x4E32;&#x90E8;&#x5206;&#x5B57;&#x5143;</td>
    </tr>
    <tr>
      <td style="text-align:left">REPEAT(str,count)</td>
      <td style="text-align:left">&#x6307;&#x5B9A;&#x5B57;&#x4E32;&#x91CD;&#x8907;&#x6307;&#x5B9A;&#x6B21;&#x6578;</td>
    </tr>
    <tr>
      <td style="text-align:left">SPACE(N)</td>
      <td style="text-align:left">&#x7A7A;&#x767D;&#x5B57;&#x5143;&#x91CD;&#x8907;&#x6307;&#x5B9A;&#x6B21;&#x6578;</td>
    </tr>
    <tr>
      <td style="text-align:left">
        <p>INSTR(str,substr)</p>
        <p>LOCATE(substr,str[,pos])</p>
      </td>
      <td style="text-align:left">&#x50B3;&#x56DE;&#x5B57;&#x5143;&#x5728;&#x5B57;&#x4E32;&#x4E2D;&#x7684;&#x4F4D;&#x7F6E;</td>
    </tr>
    <tr>
      <td style="text-align:left">REPLACE(str, from_str,to_str)</td>
      <td style="text-align:left">&#x65B0;&#x5B57;&#x4E32;&#x66FF;&#x4EE3;&#x820A;&#x5B57;&#x4E32;</td>
    </tr>
    <tr>
      <td style="text-align:left">LTRIM(str)</td>
      <td style="text-align:left">&#x53BB;&#x9664;&#x5B57;&#x4E32;&#x7D44;&#x5DE6;&#x908A;&#x7A7A;&#x767D;</td>
    </tr>
    <tr>
      <td style="text-align:left">RTRIM(str)</td>
      <td style="text-align:left">&#x53BB;&#x9664;&#x5B57;&#x4E32;&#x7D44;&#x53F3;&#x908A;&#x7A7A;&#x767D;</td>
    </tr>
    <tr>
      <td style="text-align:left">
        <p>TRIM([[BOTH | LEADING | TRAILING]</p>
        <p>&#x3000;&#x3000;[remstr] FROM] str)</p>
      </td>
      <td style="text-align:left">&#x53BB;&#x9664;&#x5B57;&#x4E32;&#x7D44;&#x4E8C;&#x908A;&#x7A7A;&#x767D;</td>
    </tr>
    <tr>
      <td style="text-align:left">STRCMP(expr1,expr2)</td>
      <td style="text-align:left">
        <p>expr1 = expr2 return 0</p>
        <p>expr1 &gt; expr2 return 1</p>
        <p>expr1 &lt; expr2 return -1</p>
      </td>
    </tr>
  </tbody>
</table>

### å­—ä¸²å‡½æ•¸ç¯„ä¾‹

{% tabs %}
{% tab title="LPAD.RPADè£œå­—" %}
ç¯„ä¾‹ä¸€ï¼š\(p.87\)

* LPADä¸æ»¿10å€‹å­—å¾€å·¦è£œå­—ä¸²
* RPADä¸æ»¿10å€‹å­—å¾€å³è£œå­—ä¸²

`SELECT ename, sal, LPAD(sal,10,'#'), RPAD(sal,10,'#')  
FROM   emp;`

```text
+--------+---------+------------------+------------------+
| ename  | sal     | LPAD(sal,10,'#') | RPAD(sal,10,'#') |
+--------+---------+------------------+------------------+
| SMITH  |  800.00 | ####800.00       | 800.00####       |
| ALLEN  | 1600.00 | ###1600.00       | 1600.00###       |
| WARD   | 1250.00 | ###1250.00       | 1250.00###       |
| JONES  | 2975.00 | ###2975.00       | 2975.00###       |
| MARTIN | 1250.00 | ###1250.00       | 1250.00###       |
| BLAKE  | 2850.00 | ###2850.00       | 2850.00###       |
| CLARK  | 2450.00 | ###2450.00       | 2450.00###       |
| SCOTT  | 3000.00 | ###3000.00       | 3000.00###       |
| KING   | 5000.00 | ###5000.00       | 5000.00###       |
| TURNER | 1500.00 | ###1500.00       | 1500.00###       |
| ADAMS  | 1100.00 | ###1100.00       | 1100.00###       |
| JAMES  |  950.00 | ####950.00       | 950.00####       |
| FORD   | 3000.00 | ###3000.00       | 3000.00###       |
| MILLER | 1300.00 | ###1300.00       | 1300.00###       |
+--------+---------+------------------+------------------+
14 rows in set (0.01 sec)
```

```text
mysql> SELECT ename,sal,concat(job,' in department ',deptno) job_dep
    -> FROM   emp
    -> WHERE  substr(ename,1,1)='M';
+--------+---------+---------------------------+
| ename  | sal     | job_dep                   |
+--------+---------+---------------------------+
| MARTIN | 1250.00 | SALESMAN in department 30 |
| MILLER | 1300.00 | CLERK in department 10    |
+--------+---------+---------------------------+
2 rows in set (0.00 sec)
```
{% endtab %}

{% tab title="REPEATé‡è¤‡å­—å…ƒ\(p.88\)" %}
ç¯„ä¾‹äºŒï¼šREPEATï¼Œæ¯ä¸€å€‹æ˜Ÿè™Ÿ\[\*\]è¡¨ç¤º$100å…ƒ\(p.88\)

`SELECT ename, sal, repeat('*',ROUND(sal/100,0))  
FROM emp   
WHERE deptno = 10;`

å‘ˆç¾å¦‚ä¸‹

| ename | sal | reapeat\('\*',ROUND\(sal/100,0\)\) |
| :--- | :--- | :--- |
| CLARK | 2450.00 | \*\*\*\*\*\*\*\*\*\*\*\*\*\*\*\*\*\*\*\*\*\*\*\*\* |
| KING | 5000.00 | \*\*\*\*\*\*\*\*\*\*\*\*\*\*\*\*\*\*\*\*\*\*\*\*\*\*\*\*\*\*\*\*\*\*\*\*\*\*\*\*\*\*\*\*\*\*\*\*\*\* |
| MILLER | 1300.00 | \*\*\*\*\*\*\*\*\*\*\*\*\* |
{% endtab %}
{% endtabs %}



## ã€æ•¸å€¼å‡½æ•¸ã€‘\(p.87\)

| å‡½æ•¸ | åŠŸèƒ½ |
| :--- | :--- |
| **`ROUND(x,d)`** | å››æ¨äº”å…¥ |
| TRUNCATE\(x,d\) | ç„¡æ¢ä»¶æ¨å» |
| MOD\(n,m\) | å–é¤˜æ•¸\(nè¢«é™¤æ•¸ï¼Œmé™¤æ•¸\) |
| CEIL\(x\) | ä¸å°æ–¼xçš„æœ€å°æ•´æ•¸ã€‚ä¾‹å¦‚4.2==&gt;5ã€€ï¼ˆç„¡æ¢ä»¶é€²ä½ï¼‰ |
| FLOOR\(x\) | ä¸å¤§æ–¼xçš„æœ€å¤§æ•´æ•¸ã€‚ä¾‹å¦‚4.2==&gt;4ã€€ï¼ˆç„¡æ¢ä»¶æ¨å»ï¼‰ |
| POWER\(x,y\) | xçš„yæ¬¡æ–¹ã€‚ $$x^y$$  |
| SQRT\(x\) | xçš„å¹³æ–¹æ ¹ã€‚ $$âˆšx$$  |
| ABS\(x\) | çµ•å°å€¼ |
| SIGN\(x\) | æ­£è² æ•¸ |
| RAND\(\) \| RAND\(n\) | äº‚æ•¸ï¼Œ\(\)0~1 |
| PI\(\) | åœ“å‘¨ç‡ |
| RADIANS\(x\) | åº¦æ•¸è½‰å¾‘å€¼ |
| DEGREES\(x\) | å¾‘å€¼è½‰åº¦æ•¸ |

### æ•¸å€¼å‡½æ•¸ç¯„ä¾‹

{% tabs %}
{% tab title="ROUNDå››æ¨äº”å…¥\(p.88\)" %}
ç¯„ä¾‹ä¸€ï¼šROUNDå››æ¨äº”å…¥\(æ¯ä¸€å€‹æ˜Ÿè™Ÿ\[\*\]è¡¨ç¤º$100å…ƒ\)

`SELECT ename, sal, repeat('*',ROUND(sal/100,0))  
FROM emp   
WHERE deptno = 10;`

```text
+--------+---------+----------------------------------------------------+
| ename  | sal     | repeat('*',ROUND(sal/100,0))                       |
+--------+---------+----------------------------------------------------+
| CLARK  | 2450.00 | *************************                          |
| KING   | 5000.00 | ************************************************** |
| MILLER | 1300.00 | *************                                      |
+--------+---------+----------------------------------------------------+
3 rows in set (0.00 sec)
```
{% endtab %}

{% tab title="FLOORä¸å¤§æ–¼.RANDäº‚æ•¸\(p.88\)" %}
ç¯„ä¾‹äºŒï¼šéš¨æ©ŸåŠ è–ª\(?\)

* FLOORå›å‚³ä¸å¤§æ–¼Xçš„æœ€å°æ•´æ•¸ ä¾‹å¦‚4.2ï¼Œæœƒå›å‚³4
* RAND\(\)ï¼Œæ•¸å€¼ç‚º0~1çš„éš¨æ©Ÿäº‚æ•¸

`SELECT ename, sal, sal+FLOOR(RAND()*1000)  
FROM emp  
WHERE deptno = 10;`

```text
+-------+---------+------------------------+
| ename | sal     | sal+floor(rand()*1000) |
+-------+---------+------------------------+
| SMITH |  800.00 |                   1536 |
| JONES | 2975.00 |                   3505 |
| SCOTT | 3000.00 |                   3440 |
| ADAMS | 1100.00 |                   1711 |
| FORD  | 3000.00 |                   3736 |
+-------+---------+------------------------+
5 rows in set (0.01 sec)
```
{% endtab %}
{% endtabs %}

## ã€æ—¥æœŸæ™‚é–“å‡½æ•¸ã€‘\(p.88\)

| å‡½æ•¸ | åŠŸèƒ½ |
| :--- | :--- |
| CURDATE\(\) | ç¾åœ¨æ—¥æœŸ |
| CURTIME\(\) | ç¾åœ¨æ™‚é–“ |
| CURRENT\_TIMESTAMP\(\) | ç¾åœ¨æ—¥æœŸèˆ‡æ™‚é–“ |
| NOW\(\) | ç¾åœ¨æ—¥æœŸèˆ‡æ™‚é–“ |
| UTC\_DATE\(\) | æ ¼æ—å¨æ²»æ—¥æœŸ |
| UTC\_TIME\(\) | æ ¼æ—å¨æ²»æ™‚é–“ |
| UTC\_TIMESTAMP\(\) | æ ¼æ—å¨æ²»æ—¥æœŸèˆ‡æ™‚é–“ |
| YEAR\(date\) | æŒ‡å®šæ—¥æœŸçš„å¹´ä»½ |
| MONTH\(date\) | æŒ‡å®šæ—¥æœŸçš„æœˆä»½ |
| DAY\(date\) | æŒ‡å®šæ—¥æœŸçš„æ—¥ |
| HOUR\(time\) | æŒ‡å®šæ—¥æœŸçš„æ™‚ |
| MINUTE\(time\) | æŒ‡å®šæ—¥æœŸçš„åˆ† |
| SECOND\(time\) | æŒ‡å®šæ—¥æœŸçš„ç§’ |
| TIME\(expr\) | æ™‚é–“å–®ä½ |
| MICROSECOND\(expr\) | æŒ‡å®šæ—¥æœŸçš„å¾®ç§’ |
| EXTRACT\(type FROM date\) | æŒ‡å®šæ—¥æœŸçš„å–®ä½ |
| DAYNAME\(date\) | æ—¥æœŸåç¨± |
| MONTHNAME\(date\) | æœˆä»½åç¨± |
| DAYOFWEEK\(date\) | ä¸€é€±ä¸­çš„ç¬¬å¹¾å¤©ã€‚1æ˜ŸæœŸå¤©7æ˜ŸæœŸå…­ |
| DAYOFMONTH\(date\) | æœˆåˆ†ä¸­çš„ç¬¬å¹¾å¤© |
| DAYOFYEAR\(date\) | ä¸€å¹´ä¸­çš„ç¬¬å¹¾å¤© |
| WEEK\(date\[,mode\]\) | å‚³å›é€±æ•¸0~52 |
| WEEKDAY\(day\) | å‚³å›æ˜ŸæœŸç´¢å¼•0æ˜ŸæœŸä¸€6æ˜ŸæœŸå¤© |
| WEEKOFYEAR\(date\) | ä¸€å¹´ä¸­ç¬¬å¹¾é€± |
| YEARWEEK\(date\[,start\]\) | Returns year and week |

{% tabs %}
{% tab title="è¨ˆç®—\(p.90\)" %}
| å‡½æ•¸ | åŠŸèƒ½ |
| :--- | :--- |
| **`DATEDIFF`**\(expr1,expr2\) | å…©å€‹æ—¥æœŸç›¸æ¸›\(å·®å¹¾å¤©\) |
| **`ADDDATE`**\(date,**`INTERVAL`** expr type\) | æ—¥æœŸåŠ æ³• |
| SUBDATE\(date,INTERVAL expr type\) | æ—¥æœŸæ¸›æ³• |
| ADDTIME\(expr1,expr2\) | æ™‚é–“åŠ æ³• |
| SUBTIME\(expr1,expr2\) | æ™‚é–“æ¸›æ³• |
| TIMEDIFF\(expr1,expr2\) | æ™‚é–“æ¸›æ³• |
| TIMESTAMP\(expr1,expr2\) | æ™‚é–“åŠ æ³• |
| TIMESTAMPADD\(interval, int\_expr,datetime\_expr\) | æ™‚é–“åŠ æ³• |
| TIMESTAMPDIFF\(interval, datetime\_expr1, datetime\_expr2\) | æ™‚é–“æ¸›æ³• |
| PERIOD\_DIFF\(p1,p2\) | æœˆä»½\(å¹´æœˆ-å¹´æœˆ\) |
{% endtab %}

{% tab title="è½‰æ›\(p.91\)" %}
| å‡½æ•¸ | åŠŸèƒ½ |
| :--- | :--- |
| DATE\(expr\) | å­—ä¸²è½‰æ—¥æœŸ |
| STR\_TO\_DATE\(str,format\) | å­—ä¸²è½‰æ—¥æœŸ |
| MAKEDATE\(year,dayofyear\) | æ—¥æœŸå­—ä¸²è½‰æ—¥æœŸ |
| MAKETIME\(hour,minute,second\) | æ™‚é–“å­—ä¸²è½‰æ™‚é–“ |
| DATE\_FORMAT\(date,format\) | æ—¥æœŸæ ¼å¼åŒ–è½‰å­—ä¸² |
| TIME\_FORMAT\(time,format\) | æ™‚é–“æ ¼å¼åŒ–è½‰å­—ä¸² |
| TO\_DAYS\(date\) | è·èµ·ç®—æ—¥çš„ç¸½å¤©æ•¸ |
| FROM\_DAYS\(N\) | å°‡ç¸½å¤©æ•¸è½‰æˆæŸæ—¥æœŸ |
| LAST\_DAY\(date\) | æŒ‡å®šæ—¥æœŸæœˆä»½çš„æœ€å¾Œä¸€å¤© |
| QUARTER\(date\) | ä¸€å¹´ä¸­çš„ç¬¬å¹¾å­£ |
| TIME\_TO\_SEC\(time\) | æ›ç®—æˆä¸€å¤©ç¸½ç§’æ•¸ |
| SEC\_TO\_TIME\(seconds\) | ç¸½ç§’æ•¸æ›ç®—æˆä¸€å¤©æ™‚é–“ |
{% endtab %}

{% tab title="æ ¼å¼åŒ–æˆå­—ä¸²\(p.92\)" %}
DATE\_FORMAT\(_expr_ , '_specifier_'\)

<table>
  <thead>
    <tr>
      <th style="text-align:left">specifier</th>
      <th style="text-align:left">&#x8AAA;&#x660E;</th>
      <th style="text-align:left">&#x4F8B;&#x5982;</th>
    </tr>
  </thead>
  <tbody>
    <tr>
      <td style="text-align:left">%a</td>
      <td style="text-align:left">&#x4E09;&#x5B57;&#x6BCD;&#x661F;&#x671F;</td>
      <td style="text-align:left">Mon, Tue Wed...</td>
    </tr>
    <tr>
      <td style="text-align:left">%b</td>
      <td style="text-align:left">&#x4E09;&#x5B57;&#x6BCD;&#x6708;&#x4EFD;</td>
      <td style="text-align:left">Jan,Feb,Mar...</td>
    </tr>
    <tr>
      <td style="text-align:left">%c</td>
      <td style="text-align:left">&#x6578;&#x5B57;&#x6708;&#x4EFD;</td>
      <td style="text-align:left">1,2,3...,12</td>
    </tr>
    <tr>
      <td style="text-align:left">%D</td>
      <td style="text-align:left">&#x82F1;&#x6587;&#x65E5;&#x671F;</td>
      <td style="text-align:left">1st,2nd...</td>
    </tr>
    <tr>
      <td style="text-align:left">%d</td>
      <td style="text-align:left">&#x6578;&#x5B57;&#x65E5;&#x671F;(0&#x88DC;&#x4F4D;)</td>
      <td style="text-align:left">00,01,02....,31</td>
    </tr>
    <tr>
      <td style="text-align:left">%e</td>
      <td style="text-align:left">&#x6578;&#x5B57;&#x65E5;&#x671F;</td>
      <td style="text-align:left">1,2,3,...,31</td>
    </tr>
    <tr>
      <td style="text-align:left">%f</td>
      <td style="text-align:left">&#x5FAE;&#x79D2;&#x7BC4;&#x570D;</td>
      <td style="text-align:left">000000..999999</td>
    </tr>
    <tr>
      <td style="text-align:left">%H</td>
      <td style="text-align:left">24&#x5C0F;&#x6642;(0&#x88DC;&#x4F4D;)</td>
      <td style="text-align:left">00..23</td>
    </tr>
    <tr>
      <td style="text-align:left">%h</td>
      <td style="text-align:left">12&#x5C0F;&#x6642;(0&#x88DC;&#x4F4D;)</td>
      <td style="text-align:left">01,02,...12</td>
    </tr>
    <tr>
      <td style="text-align:left">%I</td>
      <td style="text-align:left">&#x540C;&#x4E0A;</td>
      <td style="text-align:left">&#x540C;&#x4E0A;</td>
    </tr>
    <tr>
      <td style="text-align:left">%i</td>
      <td style="text-align:left">&#x5206;&#x9418;(0&#x88DC;&#x4F4D;)</td>
      <td style="text-align:left">00,01,...,59</td>
    </tr>
    <tr>
      <td style="text-align:left">%j</td>
      <td style="text-align:left">&#x5929;&#x6578;(0&#x88DC;&#x4F4D;)</td>
      <td style="text-align:left">001,002,003,...366</td>
    </tr>
    <tr>
      <td style="text-align:left">%k</td>
      <td style="text-align:left">24&#x5C0F;&#x6642;</td>
      <td style="text-align:left">0,1,2,...23</td>
    </tr>
    <tr>
      <td style="text-align:left">%l</td>
      <td style="text-align:left">12&#x5C0F;&#x6642;</td>
      <td style="text-align:left">1,2,...,12</td>
    </tr>
    <tr>
      <td style="text-align:left">%M</td>
      <td style="text-align:left">&#x6708;&#x4EFD;&#x5168;&#x540D;</td>
      <td style="text-align:left">January, February,...December</td>
    </tr>
    <tr>
      <td style="text-align:left">%m</td>
      <td style="text-align:left">&#x6578;&#x5B57;&#x6708;&#x4EFD;(0&#x88DC;&#x4F4D;)</td>
      <td style="text-align:left">01,02,...12</td>
    </tr>
    <tr>
      <td style="text-align:left">%p</td>
      <td style="text-align:left">AM &#x6216; PM</td>
      <td style="text-align:left"></td>
    </tr>
    <tr>
      <td style="text-align:left">%r</td>
      <td style="text-align:left">12&#x5C0F;&#x6642;hh:mm:ss AM&#x6216;PM</td>
      <td style="text-align:left"></td>
    </tr>
    <tr>
      <td style="text-align:left">%S</td>
      <td style="text-align:left">&#x6578;&#x5B57;&#x79D2;(0&#x88DC;&#x4F4D;)</td>
      <td style="text-align:left">00,01,...59</td>
    </tr>
    <tr>
      <td style="text-align:left">%s</td>
      <td style="text-align:left">&#x540C;&#x4E0A;</td>
      <td style="text-align:left">&#x540C;&#x4E0A;</td>
    </tr>
    <tr>
      <td style="text-align:left">%T</td>
      <td style="text-align:left">12&#x5C0F;&#x6642;hh:mm:ss</td>
      <td style="text-align:left"></td>
    </tr>
    <tr>
      <td style="text-align:left">%U</td>
      <td style="text-align:left">
        <p>&#x6578;&#x5B57;&#x9031;(0&#x88DC;&#x4F4D;)</p>
        <p>&#x7B2C;&#x4E00;&#x5929;&#x662F;&#x661F;&#x671F;&#x5929;</p>
      </td>
      <td style="text-align:left">00,01,02...53</td>
    </tr>
    <tr>
      <td style="text-align:left">%u</td>
      <td style="text-align:left">
        <p>&#x6578;&#x5B57;&#x9031;(0&#x88DC;&#x4F4D;)</p>
        <p>&#x7B2C;&#x4E00;&#x5929;&#x662F;&#x661F;&#x671F;&#x4E00;</p>
      </td>
      <td style="text-align:left">00,01,02...53</td>
    </tr>
    <tr>
      <td style="text-align:left">%V</td>
      <td style="text-align:left">&#x540C;%U&#x4F7F;&#x7528;%X</td>
      <td style="text-align:left"></td>
    </tr>
    <tr>
      <td style="text-align:left">%v</td>
      <td style="text-align:left">&#x540C;%u&#x4F7F;&#x7528;%x</td>
      <td style="text-align:left"></td>
    </tr>
    <tr>
      <td style="text-align:left">%W</td>
      <td style="text-align:left">&#x9031;&#x5168;&#x540D;</td>
      <td style="text-align:left">Sunday,Monday,...,Saturday</td>
    </tr>
    <tr>
      <td style="text-align:left">%w</td>
      <td style="text-align:left">&#x6578;&#x5B57;&#x9031;</td>
      <td style="text-align:left">0=Sunday, 1=Monday...6=Saturday</td>
    </tr>
    <tr>
      <td style="text-align:left">%X</td>
      <td style="text-align:left">&#x8207;%V&#x76F8;&#x4F3C;</td>
      <td style="text-align:left"></td>
    </tr>
    <tr>
      <td style="text-align:left">%x</td>
      <td style="text-align:left">&#x8207;%V&#x76F8;&#x4F3C;</td>
      <td style="text-align:left"></td>
    </tr>
    <tr>
      <td style="text-align:left">%Y</td>
      <td style="text-align:left">&#x6578;&#x5B57;&#x5E74;&#xFF0C;&#x56DB;&#x78BC;</td>
      <td style="text-align:left">2010,2011,...</td>
    </tr>
    <tr>
      <td style="text-align:left">%y</td>
      <td style="text-align:left">&#x6578;&#x5B57;&#x5E74;&#xFF0C;&#x4E8C;&#x78BC;</td>
      <td style="text-align:left">10,11,12...</td>
    </tr>
    <tr>
      <td style="text-align:left">%%</td>
      <td style="text-align:left">&#x589E;&#x52A0;&#x300C;%&#x300D;</td>
      <td style="text-align:left"></td>
    </tr>
  </tbody>
</table>
{% endtab %}
{% endtabs %}



### æ—¥æœŸæ™‚é–“å‡½æ•¸ç¯„ä¾‹

{% tabs %}
{% tab title="ç•¶æ—¥CURDATE\(\)" %}
ç¯„ä¾‹ï¼šç•¶é€±ç•¶å¹´ç•¶æœˆç¬¬å¹¾å¤©\(p.89\)

`SELECT CURDATE() ç•¶æ—¥   
,DAYOFWEEK(CURDATE()) 'é€™é€±ç¬¬å¹¾å¤©(1sunday 7Saturday)'   
,WEEKDAY(CURDATE()) 'é€™é€±ç¬¬å¹¾å¤©(0monday 6saturday)'   
,DAYOFMONTH(CURDATE()) 'é€™å€‹æœˆç¬¬å¹¾å¤©'   
,DAYOFYEAR(CURDATE()) 'ç•¶å¹´ç¬¬å¹¾å¤©';`

```text
+------------+-------------------------------+-------------------------------+--------------+------------+
| ç•¶æ—¥        | é€™é€±ç¬¬å¹¾å¤©(1sunday 7Saturday)  | é€™é€±ç¬¬å¹¾å¤©(0monday 6saturday)   | é€™å€‹æœˆç¬¬å¹¾å¤©   | ç•¶å¹´ç¬¬å¹¾å¤©   |
+------------+-------------------------------+-------------------------------+--------------+------------+
| 2020-09-03 |                             5 |                             3 |            3 |        247 |
+------------+-------------------------------+-------------------------------+--------------+------------+
1 row in set (0.01 sec)
```
{% endtab %}

{% tab title="YEARWEEK\(\)" %}
ç¯„ä¾‹ï¼šYEARWEEKç•¶æ—¥æ˜¯ç•¶å¹´çš„ç¬¬å¹¾å¤©\(p.89\)

`SELECT CURDATE(), YEARWEEK(CURDATE());`

```text
mysql> SELECT CURDATE(), YEARWEEK(CURDATE());
+------------+---------------------+
| CURDATE()  | YEARWEEK(CURDATE()) |
+------------+---------------------+
| 2020-09-03 |              202035 |-- ğŸ”¹2020å¹´çš„ç¬¬35é€±
+------------+---------------------+
1 row in set (0.00 sec)
```
{% endtab %}

{% tab title="æŸ¥è©¢" %}
ç¯„ä¾‹ï¼šæŸ¥è©¢ç¾åœ¨ç³»çµ±æ—¥æœŸæ™‚é–“\(p.90\)

`SELECT NOW() 'ç¾åœ¨'   
ã€€,DAYNAME(NOW()) 'ç¾åœ¨æ˜ŸæœŸ'   
ã€€,EXTRACT(MONTH FROM CURDATE()) 'ç¾åœ¨å¹¾æœˆ'   
ã€€,DATEDIFF(CURDATE(),'20150317') 'è·é›¢2015-03-17å¤šä¹…äº†';`

å‘ˆç¾æ•ˆæœå¦‚ä¸‹

| ç¾åœ¨ | ç¾åœ¨æ˜ŸæœŸ | ç¾åœ¨å¹¾æœˆ | è·é›¢2015-03-17å¤šä¹…äº† |
| :--- | :--- | :--- | :--- |
| 2020-06-24 11:45:11 | Wednesday | 6 | 1926 |
{% endtab %}

{% tab title="è¨ˆç®—" %}
ç¯„ä¾‹ï¼šæ—¥æœŸæ™‚é–“è¨ˆç®—\(p.90\)

`SELECT CURDATE() 'ç•¶æ—¥'   
,ADDDATE(CURDATE(), INTERVAL 3 day) 'åŠ 3å¤©'   
,ADDDATE(CURDATE(), INTERVAL 3 MONTH) 'åŠ 3æœˆ'   
,ADDDATE(CURDATE(), INTERVAL 3 YEAR) 'åŠ 3å¹´';`

```text
+------------+------------+------------+------------+
| ç•¶æ—¥        | åŠ 3å¤©       | åŠ 3æœˆ      | åŠ 3å¹´       |
+------------+------------+------------+------------+
| 2020-09-03 | 2020-09-06 | 2020-12-03 | 2023-09-03 |
+------------+------------+------------+------------+
1 row in set (0.00 sec)
```

```sql
-- åŠ å…­å€‹æœˆ(p.91)
SELECT ename, hiredate, ADDDATE(hiredate, INTERVAL 6 Month)
FROM   emp;
/*
+--------+---------------------+-------------------------------------+
| ename  | hiredate            | ADDDATE(hiredate, INTERVAL 6 Month) |
+--------+---------------------+-------------------------------------+
| SMITH  | 1980-12-17 00:00:00 | 1981-06-17 00:00:00                 |
| ALLEN  | 1981-02-20 00:00:00 | 1981-08-20 00:00:00                 |
| WARD   | 1981-02-22 00:00:00 | 1981-08-22 00:00:00                 |
| JONES  | 1981-04-02 00:00:00 | 1981-10-02 00:00:00                 |
| MARTIN | 1981-09-28 00:00:00 | 1982-03-28 00:00:00                 |
| BLAKE  | 1981-05-01 00:00:00 | 1981-11-01 00:00:00                 |
| CLARK  | 1981-06-09 00:00:00 | 1981-12-09 00:00:00                 |
| SCOTT  | 1982-12-09 00:00:00 | 1983-06-09 00:00:00                 |
| KING   | 1981-11-17 00:00:00 | 1982-05-17 00:00:00                 |
| TURNER | 1981-09-08 00:00:00 | 1982-03-08 00:00:00                 |
| ADAMS  | 1983-01-12 00:00:00 | 1983-07-12 00:00:00                 |
| JAMES  | 1981-12-03 00:00:00 | 1982-06-03 00:00:00                 |
| FORD   | 1981-12-03 00:00:00 | 1982-06-03 00:00:00                 |
| MILLER | 1982-01-23 00:00:00 | 1982-07-23 00:00:00                 |
+--------+---------------------+-------------------------------------+
14 rows in set (0.00 sec)*/
```
{% endtab %}

{% tab title="æ ¼å¼åŒ–" %}
ç¯„ä¾‹ï¼šå°‡æ—¥æœŸæ ¼å¼åŒ–\(p.93\)  
æ˜ŸæœŸå…¨åã€æ—¥æœŸä¸‰ç¢¼,æœˆä»½å…¨å,å¹´åˆ†å››ç¢¼

`SELECT CURDATE(), DATE_FORMAT(CURDATE(),'%W %D %M %Y');`

```text
+------------+--------------------------------------+
| CURDATE()  | DATE_FORMAT(CURDATE(),'%W %D %M %Y') |
+------------+--------------------------------------+
| 2020-09-03 | Thursday 3rd September 2020          |
+------------+--------------------------------------+
1 row in set (0.01 sec)
```

```text
mysql> SELECT CURDATE(),DATE_FORMAT(CURDATE(),' %W,the %D of %M, %Y');
+------------+-----------------------------------------------+
| CURDATE()  | DATE_FORMAT(CURDATE(),' %W,the %D of %M, %Y') |
+------------+-----------------------------------------------+
| 2020-09-03 |  Thursday,the 3rd of September, 2020          |
+------------+-----------------------------------------------+
1 row in set (0.00 sec)
```
{% endtab %}
{% endtabs %}



## ã€è³‡æ–™å‹æ…‹è½‰æ›å‡½æ•¸ã€‘\(p.93\)

* å‡½æ•¸
  * CAST\(expr AS type\)
  * **`CONVERT(expr, type)`**
* è³‡æ–™å‹æ…‹type
  * BINARY
  * CHAR
  * DATE
  * DATETIME
  * SIGNED \[INTEGER\]
  * TIME
  * UNSIGNED \[INTEGER\]

### è³‡æ–™å‹æ…‹è½‰æ›å‡½æ•¸ç¯„ä¾‹

{% tabs %}
{% tab title="CAST" %}
è·ŸCONVERTå¯«æ³•ä¸åŒï¼Œä½†çµæœä¸€æ¨£\(p.94\)

`SELECT CAST(NOW() AS DATE) X1,   
CAST(CAST(1-2 AS UNSIGNED) AS SIGNED) X2,   
CAST(1-2 AS UNSIGNED) X3,   
CAST(1 AS UNSIGNED) - 2.0 X4;`

```text
+------------+----+----------------------+------+
| X1         | X2 | X3                   | X4   |
+------------+----+----------------------+------+
| 2020-09-03 | -1 | 18446744073709551615 | -1.0 |
+------------+----+----------------------+------+
1 row in set (0.01 sec)
```
{% endtab %}

{% tab title="CONVERT" %}
è·ŸCASTå¯«æ³•ä¸åŒï¼Œä½†çµæœä¸€æ¨£\(p.94\)

`SELECT CONVERT(NOW(),DATE) X1,   
CONVERT(CONVERT(1-2,UNSIGNED),SIGNED) X2,   
CONVERT(1-2,UNSIGNED) X3,   
CONVERT(1,UNSIGNED)-2.0 X4;`

```text
+------------+----+----------------------+------+
| X1         | X2 | X3                   | X4   |
+------------+----+----------------------+------+
| 2020-09-03 | -1 | 18446744073709551615 | -1.0 |
+------------+----+----------------------+------+
1 row in set (0.00 sec)
```
{% endtab %}
{% endtabs %}

## ã€é€šç”¨å‡½æ•¸ã€‘\(p.94\)

### ç³»çµ±è³‡è¨Šå‡½æ•¸\(p.94\)

| å‡½æ•¸ | åŠŸèƒ½ |
| :--- | :--- |
| USER\(\) | é€£ç·šçš„ä½¿ç”¨è€… |
| VERSION\(\) | è³‡æ–™åº«ç‰ˆæœ¬ |
| DATABASE\(\) | é€£ç·šçš„è³‡æ–™åº« |
| CONNECTION\_ID\(\) | é€£ç·šçš„connection ID |
| CHARSET\(str\) | å­—ä¸²æ‰€å±¬çš„å­—å…ƒé›† |

```text
mysql> SELECT USER(), VERSION(), DATABASE(),
    -> CONNECTION_ID(), CHARSET('abc');
+----------------+-----------+------------+-----------------+----------------+
| USER()         | VERSION() | DATABASE() | CONNECTION_ID() | CHARSET('abc') |
+----------------+-----------+------------+-----------------+----------------+
| root@localhost | 8.0.21    | demotest   |             443 | big5           |
+----------------+-----------+------------+-----------------+----------------+
1 row in set (0.00 sec)
```

### æµç¨‹æ§åˆ¶å‡½æ•¸\(p.95\)

| å‡½æ•¸ | åŠŸèƒ½ |
| :--- | :--- |
| **`IFNULL(expr1,expr2)`** | IFNULL?expr1:expr2 |
| **`IF(expr1,expr2,expr3)`** | IF expr1?expr2:expr3 |
| NULLIF\(expr1,expr2\) | expr1==expr2?NULL:expr1 |

{% tabs %}
{% tab title="\(p.95\)IFNULL\(\)" %}
```text
-- (p.95)IFNULL(é€™å€‹æ˜¯ç©ºçš„å—,æ˜¯å°±åšé€™å€‹,ä¸æ˜¯å°±åšé€™å€‹)
mysql> SELECT IFNULL(1,0),
    ->        IFNULL(NULL,10),
    ->        IFNULL(1/0,10),
    ->        IFNULL(1/0,'yes');
+-------------+-----------------+----------------+-------------------+
| IFNULL(1,0) | IFNULL(NULL,10) | IFNULL(1/0,10) | IFNULL(1/0,'yes') |
+-------------+-----------------+----------------+-------------------+
|           1 |              10 |        10.0000 | yes               |
+-------------+-----------------+----------------+-------------------+
1 row in set (0.00 sec)
```
{% endtab %}

{% tab title="\(p.96\) IF\(\)" %}
```
-- IF(åˆ¤æ–·,æ˜¯å°±åšé€™å€‹,ä¸æ˜¯å°±åšé€™å€‹)
mysql> SELECT IF(1>2,2,3) x1,
    ->        IF(1<2,'yes','no') x2,
    ->        IF(STRCMP('test','test1'),'no','yes')x3;
+----+-----+----+
| x1 | x2  | x3 |
+----+-----+----+
|  3 | yes | no |
+----+-----+----+
1 row in set (0.00 sec)
```
{% endtab %}

{% tab title="\(p.96\) NULLIF\(\)" %}
```
-- NULLIF(æ•˜è¿°1,æ•˜è¿°2) è‹¥æ•˜è¿°1èˆ‡æ•˜è¿°2ç›¸ç­‰å°±åŸ·è¡ŒNULLï¼Œä¸ç›¸ç­‰å°±åŸ·è¡Œæ•˜è¿°1
mysql> SELECT NULLIF(1,1) ,NULLIF(1,0),NULLIF(0,1);
+-------------+-------------+-------------+
| NULLIF(1,1) | NULLIF(1,0) | NULLIF(0,1) |
+-------------+-------------+-------------+
|        NULL |           1 |           0 |
+-------------+-------------+-------------+
1 row in set (0.01 sec)
```
{% endtab %}
{% endtabs %}

## ä½œæ¥­ç·´ç¿’ï¼DQLè³‡æ–™å‹æ…‹\(p.97\)

1. é¡¯ç¤ºç³»çµ±ç›®å‰çš„æ—¥æœŸä¸¦å°‡ è¡¨é ­å‘½åç‚ºã€Œç³»çµ±æ—¥æœŸã€
2. é¡¯ç¤ºæ‰€æœ‰å“¡å·¥ä¹‹å“¡ç·¨ã€å§“åã€è–ªè³‡ã€è–ªè³‡+15%ï¼Œä¸¦ä»¥æ•´æ•¸è¡¨ç¤ºï¼Œè¡¨é ­å‘½åç‚ºnew salaryã€‚
3. æ¥ä¸Šé¡Œï¼Œå¢åŠ ä¸€å€‹è³‡æ–™å‘è¡¨é ­å‘½åç‚ºincrease\(new salary æ‰£é™¤salaryçš„å€¼\)
4. ğŸŸ¡é¡¯ç¤ºå“¡å·¥å§“åã€åˆ°è·æ—¥ã€æª¢è¨è–ªè³‡æ—¥æœŸï¼ˆåˆ°è·æ—¥å…­æœˆå¾Œçš„ç¬¬ä¸€å€‹æ˜ŸæœŸä¸€ï¼‰ï¼Œè©²æ¬„ä½å‘½åç‚ºreviewï¼Œ è‡ªè¨‚æ—¥æœŸæ ¼å¼ç‚ºï¼šSunday, the seventh of Septemberã€‚
5. é¡¯ç¤ºæ¯ä½å“¡å·¥çš„å§“åã€è³‡æ–™é …\(months\_worked\)ï¼šè¨ˆç®—åˆ°ä»Šå¤©ç‚ºæ­¢å·¥ä½œäº†å¹¾å€‹æœˆ\(æœˆæ•¸å››æ¨äº”å…¥åˆ°æ•´æ•¸\)
6. é¡¯ç¤ºæ ¼å¼ï¼š&lt;å“¡å·¥å§“å&gt; earns &lt;è–ªæ°´&gt; monthly but wants &lt;3å€è–ªæ°´&gt;.ä¸¦å°‡è¡¨é ­å‘½åç‚ºdream salariesã€‚
7. é¡¯ç¤ºæ‰€æœ‰å“¡å·¥ä¹‹å§“åå’Œè–ªè³‡ï¼Œè¨­å®šè–ªè³‡é•·åº¦ç‚º15å­—å…ƒä¸¦åœ¨å·¦é‚ŠåŠ ä¸Š$ç¬¦è™Ÿï¼Œè¡¨é ­å‘½åç‚ºSALARYã€‚
8. é¡¯ç¤ºå“¡å·¥å§“åã€åˆ°è·æ—¥ï¼Œè³‡æ–™é …\(DAY\)ï¼š é¡¯ç¤ºå“¡å·¥è¢«é›‡ç”¨é‚£å¤©ç‚ºæ˜ŸæœŸå¹¾ï¼Œä¸¦ä»¥æ˜ŸæœŸä¸€ä½œç‚ºä¸€å‘¨çš„èµ·å§‹æ—¥ï¼Œä¾æ˜ŸæœŸæ’åºã€‚
9. é¡¯ç¤ºå“¡å·¥å§“åå’Œåç‚ºcommæ¬„ä½ï¼šé¡¯ç¤ºä½£é‡‘é¡ï¼Œè‹¥è©²å“¡å·¥æ²’æœ‰ä½£é‡‘å‰‡é¡¯ç¤º"NO COMMISSION"
10. é¡¯ç¤ºè³‡æ–™é …employee\_and\_their\_salariesçš„è³‡æ–™ä¾†é¡¯ç¤ºæ‰€æœ‰å“¡å·¥å§“åã€è–ªè³‡ï¼Œ ä¸”ç”¨æ˜Ÿè™Ÿè¡¨ç¤ºä»–å€‘çš„è–ªè³‡ï¼Œæ¯ä¸€å€‹æ˜Ÿè™Ÿè¡¨100å…ƒï¼Œè–ªè³‡ç”±é«˜è‡³ä½é¡¯ç¤ºã€‚

{% tabs %}
{% tab title="1" %}
```text
-- é¡¯ç¤ºç³»çµ±ç›®å‰çš„æ—¥æœŸä¸¦å°‡ è¡¨é ­å‘½åç‚ºã€Œç³»çµ±æ—¥æœŸã€
SELECT CURDATE() 'ç³»çµ±æ—¥æœŸ';
+------------+
| ç³»çµ±æ—¥æœŸ    |
+------------+
| 2020-07-01 |
+------------+
1 row in set (0.14 sec)
```
{% endtab %}

{% tab title="2" %}
```
-- é¡¯ç¤ºæ‰€æœ‰å“¡å·¥ä¹‹å“¡ç·¨ã€å§“åã€è–ªè³‡ã€è–ªè³‡+15%ï¼Œä¸¦ä»¥æ•´æ•¸è¡¨ç¤ºï¼Œè¡¨é ­å‘½åç‚ºnew salaryã€‚
SELECT empno, ename, sal, round(sal*1.15,2) 'New Salary' 
	FROM emp;
+-------+--------+---------+------------+
| empno | ename  | sal     | New Salary |
+-------+--------+---------+------------+
|  7369 | SMITH  |  800.00 |     920.00 |
|  7499 | ALLEN  | 1600.00 |    1840.00 |
|  7521 | WARD   | 1250.00 |    1437.50 |
|  7566 | JONES  | 2975.00 |    3421.25 |
|  7654 | MARTIN | 1250.00 |    1437.50 |
|  7698 | BLAKE  | 2850.00 |    3277.50 |
|  7782 | CLARK  | 2450.00 |    2817.50 |
|  7788 | SCOTT  | 3000.00 |    3450.00 |
|  7839 | KING   | 5000.00 |    5750.00 |
|  7844 | TURNER | 1500.00 |    1725.00 |
|  7876 | ADAMS  | 1100.00 |    1265.00 |
|  7900 | JAMES  |  950.00 |    1092.50 |
|  7902 | FORD   | 3000.00 |    3450.00 |
|  7934 | MILLER | 1300.00 |    1495.00 |
+-------+--------+---------+------------+
14 rows in set (0.00 sec)
```
{% endtab %}

{% tab title="3" %}
```
-- æ¥ä¸Šé¡Œï¼Œå¢åŠ ä¸€å€‹è³‡æ–™å‘è¡¨é ­å‘½åç‚ºincrease(new salary æ‰£é™¤salaryçš„å€¼)

SELECT empno, 
	ename, 
	sal, 
	round(sal*1.15,2) 'New Salary', 
	round(sal*0.15,2) 'Increase' 
FROM emp;
+-------+--------+---------+------------+----------+
| empno | ename  | sal     | New Salary | Increase |
+-------+--------+---------+------------+----------+
|  7369 | SMITH  |  800.00 |     920.00 |   120.00 |
|  7499 | ALLEN  | 1600.00 |    1840.00 |   240.00 |
|  7521 | WARD   | 1250.00 |    1437.50 |   187.50 |
|  7566 | JONES  | 2975.00 |    3421.25 |   446.25 |
|  7654 | MARTIN | 1250.00 |    1437.50 |   187.50 |
|  7698 | BLAKE  | 2850.00 |    3277.50 |   427.50 |
|  7782 | CLARK  | 2450.00 |    2817.50 |   367.50 |
|  7788 | SCOTT  | 3000.00 |    3450.00 |   450.00 |
|  7839 | KING   | 5000.00 |    5750.00 |   750.00 |
|  7844 | TURNER | 1500.00 |    1725.00 |   225.00 |
|  7876 | ADAMS  | 1100.00 |    1265.00 |   165.00 |
|  7900 | JAMES  |  950.00 |    1092.50 |   142.50 |
|  7902 | FORD   | 3000.00 |    3450.00 |   450.00 |
|  7934 | MILLER | 1300.00 |    1495.00 |   195.00 |
+-------+--------+---------+------------+----------+
14 rows in set (0.00 sec)
```
{% endtab %}

{% tab title="ğŸŸ¡4" %}
```
/*é¡¯ç¤ºå“¡å·¥å§“åã€åˆ°è·æ—¥ã€æª¢è¨è–ªè³‡æ—¥æœŸï¼ˆåˆ°è·æ—¥å…­æœˆå¾Œçš„ç¬¬ä¸€å€‹æ˜ŸæœŸä¸€ï¼‰ï¼Œè©²æ¬„ä½å‘½åç‚ºreviewï¼Œ
è‡ªè¨‚æ—¥æœŸæ ¼å¼ç‚ºï¼šSunday, the seventh of Septemberã€‚*/
SELECT ename, 
hiredate, 
	DATE_FORMAT(ADDDATE(ADDDATE(hiredate,INTERVAL 6 MONTH), 
		INTERVAL MOD(7-WEEKDAY(ADDDATE(hiredate,INTERVAL 6 MONTH)),7) DAY)
	, '%W ,the %D of %M') 'REVIEW' 
	FROM emp;
+--------+---------------------+------------------------------+
| ename  | hiredate            | REVIEW                       |
+--------+---------------------+------------------------------+
| SMITH  | 1980-12-17 00:00:00 | Monday ,the 22nd of June     |
| ALLEN  | 1981-02-20 00:00:00 | Monday ,the 24th of August   |
| WARD   | 1981-02-22 00:00:00 | Monday ,the 24th of August   |
| JONES  | 1981-04-02 00:00:00 | Monday ,the 5th of October   |
| MARTIN | 1981-09-28 00:00:00 | Monday ,the 29th of March    |
| BLAKE  | 1981-05-01 00:00:00 | Monday ,the 2nd of November  |
| CLARK  | 1981-06-09 00:00:00 | Monday ,the 14th of December |
| SCOTT  | 1982-12-09 00:00:00 | Monday ,the 13th of June     |
| KING   | 1981-11-17 00:00:00 | Monday ,the 17th of May      |
| TURNER | 1981-09-08 00:00:00 | Monday ,the 8th of March     |
| ADAMS  | 1983-01-12 00:00:00 | Monday ,the 18th of July     |
| JAMES  | 1981-12-03 00:00:00 | Monday ,the 7th of June      |
| FORD   | 1981-12-03 00:00:00 | Monday ,the 7th of June      |
| MILLER | 1982-01-23 00:00:00 | Monday ,the 26th of July     |
+--------+---------------------+------------------------------+
14 rows in set (0.02 sec)

â†“è‡ªæˆ‘æµçš„è§£é‡‹XDï¼š
è¨­ x = +6MONTH
			  +month						+weekday
adddate ( x INTERVAL +MOD(7-week(x)) DAY )
```
{% endtab %}

{% tab title="5" %}
```
-- é¡¯ç¤ºæ¯ä½å“¡å·¥çš„å§“åã€è³‡æ–™é …(months_worked)ï¼šè¨ˆç®—åˆ°ä»Šå¤©ç‚ºæ­¢å·¥ä½œäº†å¹¾å€‹æœˆ(æœˆæ•¸å››æ¨äº”å…¥åˆ°æ•´æ•¸)
SELECT ename, ROUND(DATEDIFF(curdate(), hiredate)/365*12,0) 'MONTHS_WORKED' 
	FROM emp;
+--------+---------------+
| ename  | MONTHS_WORKED |
+--------+---------------+
| SMITH  |           475 |
| ALLEN  |           473 |
| WARD   |           473 |
| JONES  |           471 |
| MARTIN |           465 |
| BLAKE  |           470 |
| CLARK  |           469 |
| SCOTT  |           451 |
| KING   |           464 |
| TURNER |           466 |
| ADAMS  |           450 |
| JAMES  |           463 |
| FORD   |           463 |
| MILLER |           462 |
+--------+---------------+
14 rows in set (0.02 sec)
```
{% endtab %}

{% tab title="6" %}
```
/*é¡¯ç¤ºæ ¼å¼ï¼š<å“¡å·¥å§“å> earns <è–ªæ°´> monthly but wants <3å€è–ªæ°´>.
  ä¸¦å°‡è¡¨é ­å‘½åç‚ºdream salariesã€‚
*/
SELECT CONCAT(ename, ' earns ', sal ,' monthly but wants ' ,3*sal) 
							'Dream Salaries' 
	FROM emp;
+------------------------------------------------+
| Dream Salaries                                 |
+------------------------------------------------+
| SMITH earns 800.00 monthly but wants 2400.00   |
| ALLEN earns 1600.00 monthly but wants 4800.00  |
| WARD earns 1250.00 monthly but wants 3750.00   |
| JONES earns 2975.00 monthly but wants 8925.00  |
| MARTIN earns 1250.00 monthly but wants 3750.00 |
| BLAKE earns 2850.00 monthly but wants 8550.00  |
| CLARK earns 2450.00 monthly but wants 7350.00  |
| SCOTT earns 3000.00 monthly but wants 9000.00  |
| KING earns 5000.00 monthly but wants 15000.00  |
| TURNER earns 1500.00 monthly but wants 4500.00 |
| ADAMS earns 1100.00 monthly but wants 3300.00  |
| JAMES earns 950.00 monthly but wants 2850.00   |
| FORD earns 3000.00 monthly but wants 9000.00   |
| MILLER earns 1300.00 monthly but wants 3900.00 |
+------------------------------------------------+
14 rows in set (0.00 sec)
```
{% endtab %}

{% tab title="7" %}
```
-- é¡¯ç¤ºæ‰€æœ‰å“¡å·¥ä¹‹å§“åå’Œè–ªè³‡ï¼Œè¨­å®šè–ªè³‡é•·åº¦ç‚º15å­—å…ƒä¸¦åœ¨å·¦é‚ŠåŠ ä¸Š$ç¬¦è™Ÿï¼Œè¡¨é ­å‘½åç‚ºSALARYã€‚
SELECT ename, lpad(sal,15,'$') 'Salary' 
	FROM emp;
+--------+-----------------+
| ename  | Salary          |
+--------+-----------------+
| SMITH  | $$$$$$$$$800.00 |
| ALLEN  | $$$$$$$$1600.00 |
| WARD   | $$$$$$$$1250.00 |
| JONES  | $$$$$$$$2975.00 |
| MARTIN | $$$$$$$$1250.00 |
| BLAKE  | $$$$$$$$2850.00 |
| CLARK  | $$$$$$$$2450.00 |
| SCOTT  | $$$$$$$$3000.00 |
| KING   | $$$$$$$$5000.00 |
| TURNER | $$$$$$$$1500.00 |
| ADAMS  | $$$$$$$$1100.00 |
| JAMES  | $$$$$$$$$950.00 |
| FORD   | $$$$$$$$3000.00 |
| MILLER | $$$$$$$$1300.00 |
+--------+-----------------+
14 rows in set (0.05 sec)
```
{% endtab %}

{% tab title="8" %}
```
/*é¡¯ç¤ºå“¡å·¥å§“åã€åˆ°è·æ—¥ï¼Œè³‡æ–™é …(DAY)ï¼š
é¡¯ç¤ºå“¡å·¥è¢«é›‡ç”¨é‚£å¤©ç‚ºæ˜ŸæœŸå¹¾ï¼Œä¸¦ä»¥æ˜ŸæœŸä¸€ä½œç‚ºä¸€å‘¨çš„èµ·å§‹æ—¥ï¼Œä¾æ˜ŸæœŸæ’åºã€‚*/

SELECT ename, hiredate, weekday(hiredate)+1 'Day' 
	FROM emp
    order by 3;
+--------+---------------------+------+
| ename  | hiredate            | Day  |
+--------+---------------------+------+
| MARTIN | 1981-09-28 00:00:00 |    1 |
| CLARK  | 1981-06-09 00:00:00 |    2 |
| KING   | 1981-11-17 00:00:00 |    2 |
| TURNER | 1981-09-08 00:00:00 |    2 |
| SMITH  | 1980-12-17 00:00:00 |    3 |
| ADAMS  | 1983-01-12 00:00:00 |    3 |
| JONES  | 1981-04-02 00:00:00 |    4 |
| SCOTT  | 1982-12-09 00:00:00 |    4 |
| JAMES  | 1981-12-03 00:00:00 |    4 |
| FORD   | 1981-12-03 00:00:00 |    4 |
| ALLEN  | 1981-02-20 00:00:00 |    5 |
| BLAKE  | 1981-05-01 00:00:00 |    5 |
| MILLER | 1982-01-23 00:00:00 |    6 |
| WARD   | 1981-02-22 00:00:00 |    7 |
+--------+---------------------+------+
14 rows in set (0.00 sec)
```
{% endtab %}

{% tab title="9" %}
```
-- é¡¯ç¤ºå“¡å·¥å§“åå’Œåç‚ºcommæ¬„ä½ï¼šé¡¯ç¤ºä½£é‡‘é¡ï¼Œè‹¥è©²å“¡å·¥æ²’æœ‰ä½£é‡‘å‰‡é¡¯ç¤º"NO COMMISSION"
SELECT ename, ifnull(comm,'No Commission.') 'Comm' 
	FROM emp;
+--------+----------------+
| ename  | Comm           |
+--------+----------------+
| SMITH  | No Commission. |
| ALLEN  | 300.00         |
| WARD   | 500.00         |
| JONES  | No Commission. |
| MARTIN | 1400.00        |
| BLAKE  | No Commission. |
| CLARK  | No Commission. |
| SCOTT  | No Commission. |
| KING   | No Commission. |
| TURNER | 0.00           |
| ADAMS  | No Commission. |
| JAMES  | No Commission. |
| FORD   | No Commission. |
| MILLER | No Commission. |
+--------+----------------+
14 rows in set (0.00 sec)
```
{% endtab %}

{% tab title="10" %}
```
/*é¡¯ç¤ºè³‡æ–™é …employee_and_their_salariesçš„è³‡æ–™ä¾†é¡¯ç¤ºæ‰€æœ‰å“¡å·¥å§“åã€è–ªè³‡ï¼Œ
ä¸”ç”¨æ˜Ÿè™Ÿè¡¨ç¤ºä»–å€‘çš„è–ªè³‡ï¼Œæ¯ä¸€å€‹æ˜Ÿè™Ÿè¡¨100å…ƒï¼Œè–ªè³‡ç”±é«˜è‡³ä½é¡¯ç¤ºã€‚
*/

SELECT CONCAT(ename, ' ' ,REPEAT('*',TRUNCATE(sal/100,0))) 
             'EMPLOYEE_AND_THEIR_SALARIES' 
FROM emp 
ORDER BY sal DESC;
+---------------------------------------------------------+
| EMPLOYEE_AND_THEIR_SALARIES                             |
+---------------------------------------------------------+
| KING ************************************************** |
| SCOTT ******************************                    |
| FORD ******************************                     |
| JONES *****************************                     |
| BLAKE ****************************                      |
| CLARK ************************                          |
| ALLEN ****************                                  |
| TURNER ***************                                  |
| MILLER *************                                    |
| WARD ************                                       |
| MARTIN ************                                     |
| ADAMS ***********                                       |
| JAMES *********                                         |
| SMITH ********                                          |
+---------------------------------------------------------+
14 rows in set (0.02 sec)
```
{% endtab %}
{% endtabs %}

